SALE TYPE,SOLD DATE,PROPERTY TYPE,ADDRESS,CITY,STATE,ZIP,PRICE,BEDS,BATHS,LOCATION,SQUARE FEET,LOT SIZE,YEAR BUILT,DAYS ON MARKET,$/SQUARE FEET,HOA/MONTH,STATUS,NEXT OPEN HOUSE START TIME,NEXT OPEN HOUSE END TIME,URL (SEE http://www.redfin.com/buy-a-home/comparative-market-analysis FOR INFO ON PRICING),SOURCE,MLS#,FAVORITE,INTERESTED,LATITUDE,LONGITUDE
PAST SALE,September-25-2018,Single Family Residential,4610 145th Place SE,Snohomish,WA,98296,800000,4,2.5,Mill Creek,3579,8712,2005,122,224,,Sold,,,http://www.redfin.com/WA/Snohomish/4610-145th-Pl-SE-98296/home/2899805,NWMLS,1338807,N,Y,47.865356,-122.170805
PAST SALE,August-13-2018,Single Family Residential,17325 24th Ave SE,Bothell,WA,98012,515000,4,1.75,Mays Pond,1487,7405,1970,165,346,26,Sold,,,http://www.redfin.com/WA/Bothell/17325-24th-Ave-SE-98012/home/2677535,NWMLS,1316536,N,Y,47.840269,-122.1999521
PAST SALE,August-28-2018,Single Family Residential,20314 97th Ave NE,Bothell,WA,98011,600000,3,2.25,Canyon Park,1650,10260,1977,150,364,,Sold,,,http://www.redfin.com/WA/Bothell/20314-97th-Ave-NE-98011/home/286416,NWMLS,1331436,N,Y,47.7757066,-122.211138
PAST SALE,December-12-2018,Single Family Residential,314 182nd St SE,Bothell,WA,98012,738000,4,3.0,North Bothell,3130,4792,2017,44,236,20,Sold,,,http://www.redfin.com/WA/Bothell/314-182nd-St-SE-98012/home/143846873,NWMLS,1363217,N,Y,47.8326308,-122.2230857
PAST SALE,November-16-2018,Single Family Residential,18025 28th Dr SE,Bothell,WA,98012,535000,4,2.5,North Bothell,1827,5000,2002,70,293,58,Sold,,,http://www.redfin.com/WA/Bothell/18025-28th-Dr-SE-98012/unit-6/home/2896012,NWMLS,1343073,N,Y,47.8336989,-122.1943852
PAST SALE,November-14-2018,Condo/Co-op,14915 38th Dr SE #1113,Bothell,WA,98012,315000,2,2.5,Mill Creek,1114,399159,2006,72,283,240,Sold,,,http://www.redfin.com/WA/Bothell/14915-38th-Dr-SE-98012/unit-1113/home/11883715,NWMLS,1362847,N,Y,47.8625823,-122.1801939
PAST SALE,November-30-2018,Single Family Residential,3600 202nd Place SE,Bothell,WA,98012,650000,3,2.75,North Creek,2410,3485,2016,56,270,65,Sold,,,http://www.redfin.com/WA/Bothell/3600-S-202nd-Place-E-98012/home/105658741,NWMLS,1335327,N,Y,47.8144675,-122.1845227
PAST SALE,August-15-2018,Townhouse,18728 10th Ave SE #18,Bothell,WA,98012,510000,3,2.5,North Creek,1860,4000,2004,163,274,60,Sold,,,http://www.redfin.com/WA/Bothell/18728-10th-Ave-SE-98012/unit-18/home/2912907,NWMLS,1313091,N,Y,47.8279932,-122.2169141
PAST SALE,January-11-2019,Single Family Residential,23820 5th Ave W,Bothell,WA,98021,394950,3,1.5,Bothell,1232,11761,1967,14,321,,Sold,,,http://www.redfin.com/WA/Bothell/23820-5th-Ave-W-98021/home/2745210,NWMLS,1321341,N,Y,47.7818563,-122.2401039
PAST SALE,August-14-2018,Condo/Co-op,18930 Bothell Everett Hwy Unit A102,Bothell,WA,98012,290000,2,1.0,Thrashers Corner,887,,1998,164,327,361,Sold,,,http://www.redfin.com/WA/Bothell/18930-Bothell-Everett-Hwy-98012/unit-A102/home/12104291,NWMLS,1313038,N,Y,47.8252115,-122.2098446
PAST SALE,October-22-2018,Single Family Residential,12849 NE 197th Place,Woodinville,WA,98072,700000,4,2.75,North Creek,2190,4596,2010,95,320,35,Sold,,,http://www.redfin.com/WA/Woodinville/12849-NE-197th-Pl-98072/home/22525450,NWMLS,1335017,N,Y,47.77048,-122.1691998
PAST SALE,November-13-2018,Single Family Residential,17211 109th Place NE,Bothell,WA,98011,865000,3,2.5,Bothell,2870,10237,2000,73,301,,Sold,,,http://www.redfin.com/WA/Bothell/17211-109th-Pl-NE-98011/home/285140,NWMLS,1362805,N,Y,47.7526718,-122.1949801
PAST SALE,October-26-2018,Single Family Residential,18230 92nd Ave NE,Bothell,WA,98011,502000,4,2.5,West Hill,2070,8868,1977,91,243,,Sold,,,http://www.redfin.com/WA/Bothell/18230-92nd-Ave-NE-98011/home/287124,NWMLS,1324932,N,Y,47.7601247,-122.2171808
PAST SALE,August-17-2018,Single Family Residential,23410 13th Ave SE,Bothell,WA,98021,825000,4,2.5,Bothell,2843,7841,2001,161,290,,Sold,,,http://www.redfin.com/WA/Bothell/23410-13th-Ave-SE-98021/home/2884779,NWMLS,1304635,N,Y,47.7853334,-122.2157487
PAST SALE,August-23-2018,Single Family Residential,1311 191st St SE,Bothell,WA,98012,593999,4,3.0,North Creek,2047,5663,2007,155,290,,Sold,,,http://www.redfin.com/WA/Bothell/1311-191st-St-SE-98012/home/12489607,NWMLS,1330188,N,Y,47.8251635,-122.2151157
PAST SALE,September-11-2018,Single Family Residential,23016 2nd Ave SE,Bothell,WA,98021,565000,4,2.0,Kenmore,2495,17860,1963,136,226,,Sold,,,http://www.redfin.com/WA/Bothell/23016-2nd-Ave-SE-98021/home/2706285,NWMLS,1319720,N,Y,47.7889254,-122.2290674
PAST SALE,October-29-2018,Condo/Co-op,15730 116th Ave NE #405,Bothell,WA,98011,440000,2,2.0,Bothell,1096,187743,2007,88,401,331,Sold,,,http://www.redfin.com/WA/Bothell/15730-116th-Ave-NE-98011/unit-405/home/12536617,NWMLS,1357600,N,Y,47.7422885,-122.1854547
PAST SALE,September-6-2018,Single Family Residential,10516 NE 196th St,Bothell,WA,98011,699950,4,2.5,Maywood Hills,2116,9000,1978,141,331,,Sold,,,http://www.redfin.com/WA/Bothell/10516-NE-196th-St-98011/home/286765,NWMLS,1330281,N,Y,47.7708099,-122.1995193
PAST SALE,October-25-2018,Townhouse,1906 187th Place SE,Bothell,WA,98012,466950,3,2.25,Bothell,1535,3920,1995,92,304,76,Sold,,,http://www.redfin.com/WA/Bothell/1906-187th-Pl-SE-98012/home/2843325,NWMLS,1355898,N,Y,47.827771,-122.206745
PAST SALE,November-21-2018,Townhouse,317 202nd St SE,Bothell,WA,98012,589950,4,3.0,Floral Hills,2483,2866,2016,65,238,75,Sold,,,http://www.redfin.com/WA/Bothell/317-202nd-St-SE-98012/unit-9/home/104230508,NWMLS,1337308,N,Y,47.8149186,-122.2272224
PAST SALE,September-21-2018,Single Family Residential,3518 157th Place SE,Bothell,WA,98012,705000,3,2.5,Bothell,2781,7841,2005,126,254,47,Sold,,,http://www.redfin.com/WA/Mill-Creek/3518-157th-Pl-SE-98012/home/2910155,NWMLS,1328499,N,Y,47.8548313,-122.1862454
PAST SALE,October-26-2018,Single Family Residential,20023 6th Dr SE,Bothell,WA,98012,830000,5,3.0,Bothell,3371,6970,2015,91,246,94,Sold,,,http://www.redfin.com/WA/Bothell/20023-6th-Dr-SE-98012/home/105199456,NWMLS,1345087,N,Y,47.8161828,-122.2226734
PAST SALE,November-27-2018,Single Family Residential,3121 200th Place SE,Bothell,WA,98012,555000,4,2.5,Thrashers Corner,1854,5663,1996,59,299,42,Sold,,,http://www.redfin.com/WA/Bothell/3121-200th-Pl-SE-98012/home/2851335,NWMLS,1365060,N,Y,47.8162327,-122.1905778
PAST SALE,August-3-2018,Single Family Residential,16928 17th Ave SE,Bothell,WA,98012,505000,3,1.75,Bothell,1500,9583,1983,175,337,,Sold,,,http://www.redfin.com/WA/Bothell/16928-17th-Ave-SE-98012/home/2791174,NWMLS,1318794,N,Y,47.8437571,-122.2097982
PAST SALE,November-6-2018,Single Family Residential,24303 23rd Ave W,Bothell,WA,98021,745000,4,3.0,Bothell,2864,45738,1978,80,260,,Sold,,,http://www.redfin.com/WA/Bothell/24303-23rd-Ave-W-98021/home/2655118,NWMLS,1355831,N,Y,47.7778818,-122.2617159
PAST SALE,November-16-2018,Single Family Residential,17825 28th Ave SE,Bothell,WA,98012,461000,3,2.0,Bothell,1402,10019,1985,70,329,,Sold,,,http://www.redfin.com/WA/Bothell/17825-28th-Ave-SE-98012/home/2799801,NWMLS,1343789,N,Y,47.8356379,-122.1941657
PAST SALE,August-31-2018,Single Family Residential,18127 42nd Dr SE,Bothell,WA,98012,749900,5,2.75,Bothell,2661,6369,2014,147,282,37,Sold,,,http://www.redfin.com/WA/Bothell/18127-42nd-Dr-SE-98012/home/69351843,NWMLS,1309673,N,Y,47.8329122,-122.1758486
PAST SALE,August-29-2018,Single Family Residential,2923 193rd Place SE,Bothell,WA,98012,385000,3,1.0,Bothell,1248,12632,1968,149,308,,Sold,,,http://www.redfin.com/WA/Bothell/2923-193rd-Pl-SE-98012/home/2764878,NWMLS,1302391,N,Y,47.8218348,-122.1929827
PAST SALE,September-14-2018,Single Family Residential,12217 NE 165th Place,Bothell,WA,98011,700000,4,2.5,Bothell,1800,10924,1995,133,389,9,Sold,,,http://www.redfin.com/WA/Bothell/12217-NE-165th-Pl-98011/home/455866,NWMLS,1347167,N,Y,47.747643,-122.1761933
PAST SALE,January-7-2019,Single Family Residential,3321 189th Place SE,Bothell,WA,98012,560000,4,2.5,Bothell,1982,4356,2000,18,283,25,Sold,,,http://www.redfin.com/WA/Bothell/3321-189th-Pl-SE-98012/home/2882120,NWMLS,1358083,N,Y,47.8260789,-122.1877965
PAST SALE,October-25-2018,Condo/Co-op,15700 116th Ave NE Unit 106A,Bothell,WA,98011,455000,2,2.0,Kingsgate,1309,187743,2007,92,348,394,Sold,,,http://www.redfin.com/WA/Bothell/15700-116th-Ave-NE-98011/unit-106A/home/12538510,NWMLS,1346250,N,Y,47.7417104,-122.1853146
PAST SALE,September-17-2018,Single Family Residential,19416 2nd Dr SE Unit B,Bothell,WA,98012,500000,2,1.75,Bothell,1466,158171,2000,130,341,250,Sold,,,http://www.redfin.com/WA/Bothell/19416-2nd-Dr-SE-98012/unit-B/home/2887691,NWMLS,1340300,N,Y,47.821648,-122.2284124
PAST SALE,July-30-2018,Single Family Residential,1233 227th Place SW,Bothell,WA,98021,465000,3,2.0,Kenmore,1306,7841,1983,179,356,,Sold,,,http://www.redfin.com/WA/Bothell/1233-227th-Pl-SW-98021/home/2802830,NWMLS,1310058,N,Y,47.792304,-122.2504487
PAST SALE,July-31-2018,Single Family Residential,324 221st St SW,Bothell,WA,98021,537500,3,2.5,Bothell,2268,8712,1977,178,237,,Sold,,,http://www.redfin.com/WA/Bothell/324-221st-St-SW-98021/home/2775584,NWMLS,1305414,N,Y,47.7973411,-122.2380954
PAST SALE,August-20-2018,Townhouse,3417 164th Place SE,Bothell,WA,98012,455000,3,2.5,Bothell,1682,2099,2012,158,271,100,Sold,,,http://www.redfin.com/WA/Bothell/3417-164th-Pl-SE-98012/unit-9/home/45390339,NWMLS,1305074,N,Y,47.8486651,-122.1856983
PAST SALE,October-30-2018,Townhouse,2001 187th Place SE,Bothell,WA,98012,450000,3,2.25,Bothell,1515,3049,1995,87,297,76,Sold,,,http://www.redfin.com/WA/Bothell/2001-187th-Pl-SE-98012/home/2843226,NWMLS,1326475,N,Y,47.828213,-122.20595
PAST SALE,September-28-2018,Single Family Residential,23714 Carter Rd,Bothell,WA,98021,625000,4,2.75,Bothell,2111,6970,2000,119,296,,Sold,,,http://www.redfin.com/WA/Bothell/23714-Carter-Rd-98021/home/2866048,NWMLS,1335538,N,Y,47.7833322,-122.252085
PAST SALE,November-20-2018,Single Family Residential,9419 NE 180th St,Bothell,WA,98011,535000,3,1.75,Bothell,1690,14162,1949,66,317,,Sold,,,http://www.redfin.com/WA/Bothell/9419-NE-180th-St-98011/home/285761,NWMLS,1375854,N,Y,47.7582375,-122.2147172
PAST SALE,December-7-2018,Condo/Co-op,2201 192nd St SE,Bothell,WA,98012,375000,3,1.75,Bothell,1396,,1999,49,269,395,Sold,,,http://www.redfin.com/WA/Bothell/2201-192nd-St-SE-98012/home/2539389,NWMLS,1378423,N,Y,47.82636,-122.2032819
PAST SALE,October-5-2018,Condo/Co-op,1514 228th St SW,Bothell,WA,98021,490000,3,2.75,Bothell,2020,25212,1995,112,243,150,Sold,,,http://www.redfin.com/WA/Bothell/1514-228th-St-SW-98021/unit-A/home/2862991,NWMLS,1315352,N,Y,47.7912309,-122.2536613
PAST SALE,December-20-2018,Single Family Residential,17808 31st Dr SE,Bothell,WA,98012,740000,4,2.5,Bothell,2925,6098,2001,36,253,,Sold,,,http://www.redfin.com/WA/Bothell/17808-31st-Dr-SE-98012/home/2886516,NWMLS,1369425,N,Y,47.8366722,-122.1908639
PAST SALE,September-28-2018,Single Family Residential,3310 199th Place SE,Bothell,WA,98012,545000,4,3.0,North Bothell,1984,12632,1976,119,275,,Sold,,,http://www.redfin.com/WA/Bothell/3310-199th-Pl-SE-98012/home/2771642,NWMLS,1338868,N,Y,47.8164946,-122.1882336
PAST SALE,August-7-2018,Single Family Residential,2724 169th St SE,Bothell,WA,98012,520000,4,2.5,Bothell,2158,8712,1978,171,241,,Sold,,,http://www.redfin.com/WA/Bothell/2724-169th-St-SE-98012/home/2779803,NWMLS,1300921,N,Y,47.844788184,-122.1957471
PAST SALE,October-4-2018,Single Family Residential,17801 20th Ave SE,Bothell,WA,98012,560000,3,3.5,Bothell,2450,3640,2009,113,229,62,Sold,,,http://www.redfin.com/WA/Bothell/17801-20th-Ave-SE-98012/unit-19/home/11884024,NWMLS,1339494,N,Y,47.8365577,-122.2058618
PAST SALE,November-29-2018,Condo/Co-op,2009 196th St SE Unit F102,Bothell,WA,98012,320000,2,2.0,Thrashers Corner,1018,366781,2000,57,314,285,Sold,,,http://www.redfin.com/WA/Bothell/2009-196th-St-SE-98012/unit-F102/home/2884454,NWMLS,1366987,N,Y,47.8213595,-122.2049959
PAST SALE,December-17-2018,Single Family Residential,16428 42nd Dr SE,Bothell,WA,98012,599950,4,2.75,Bothell,2442,6534,2007,39,246,,Sold,,,http://www.redfin.com/WA/Bothell/16428-42nd-Dr-SE-98012/home/12490539,NWMLS,1363171,N,Y,47.8482167,-122.1759457
PAST SALE,August-10-2018,Single Family Residential,12939 NE 204th Place,Woodinville,WA,98072,690000,4,2.5,Woodinville,2440,3635,2004,168,283,,Sold,,,http://www.redfin.com/WA/Woodinville/12939-NE-204th-Pl-98072/home/18662269,NWMLS,1331214,N,Y,47.7755273,-122.1682939
PAST SALE,September-24-2018,Single Family Residential,4321 196th St SE,Bothell,WA,98012,520000,3,2.0,Bothell,1360,20038,1975,123,382,,Sold,,,http://www.redfin.com/WA/Bothell/4321-196th-St-SE-98012/home/2534020,NWMLS,1331933,N,Y,47.8201669,-122.1744484
PAST SALE,November-2-2018,Single Family Residential,19832 45th Ave SE,Bothell,WA,98012,615000,3,1.75,Bothell,2006,49658,1990,84,307,,Sold,,,http://www.redfin.com/WA/Bothell/19832-45th-Ave-SE-98012/home/2565620,NWMLS,1328089,N,Y,47.8170234,-122.1730375
PAST SALE,September-28-2018,Single Family Residential,19221 14th Ave SE #19,Bothell,WA,98012,694995,4,2.5,Bothell,2399,3500,2018,119,290,,Sold,,,http://www.redfin.com/WA/Bothell/19221-14th-Ave-SE-98012/unit-19/home/146242919,NWMLS,1328941,N,Y,47.82341813266669,-122.21273713619428
PAST SALE,September-10-2018,Single Family Residential,20229 45th Dr SE,Bothell,WA,98012,575000,4,3.0,North Creek,2718,37897,1970,137,212,,Sold,,,http://www.redfin.com/WA/Bothell/20229-45th-Dr-SE-98012/home/2769128,NWMLS,1277215,N,Y,47.8136173,-122.1713689
PAST SALE,August-22-2018,Single Family Residential,4416 215th Place SE Unit CT 21,Bothell,WA,98021,822995,4,2.5,Bothell,2346,4542,2018,156,351,71,Sold,,,http://www.redfin.com/WA/Bothell/4416-215th-Pl-SE-98021/unit-CT-21/home/145640131,NWMLS,1291323,N,Y,47.8021235,-122.1818694
PAST SALE,November-28-2018,Single Family Residential,2719 204th St SE,Bothell,WA,98012,685000,4,2.5,Thrashers Corner,2179,7840,1996,58,314,,Sold,,,http://www.redfin.com/WA/Bothell/2719-204th-St-SE-98012/home/2846311,NWMLS,1381431,N,Y,47.8140796,-122.1958061
PAST SALE,October-22-2018,Condo/Co-op,18930 Bothell-Everett Hwy Unit V301,Bothell,WA,98012,268000,2,2.0,Thrashers Corner,939,552628,1998,95,285,383,Sold,,,http://www.redfin.com/WA/Bothell/18930-Bothell-Everett-Hwy-98012/unit-V301/home/12176271,NWMLS,1347258,N,Y,47.8252115,-122.2098446
PAST SALE,November-28-2018,Condo/Co-op,2009 196th St SE Unit A102,Bothell,WA,98012,316000,2,2.0,Bothell,1018,,2000,58,310,285,Sold,,,http://www.redfin.com/WA/Bothell/2009-196th-St-SE-98012/unit-A102/home/2884394,NWMLS,1370384,N,Y,47.8213595,-122.2049959
PAST SALE,August-16-2018,Single Family Residential,4412 215th Place SE Unit CT 20,Bothell,WA,98021,853395,4,2.5,Bothell,2632,4540,2018,162,324,71,Sold,,,http://www.redfin.com/WA/Bothell/4412-215th-Pl-SE-98021/unit-CT-20/home/145639945,NWMLS,1291320,N,Y,47.8021235,-122.1818694
PAST SALE,August-24-2018,Single Family Residential,4418 215th Place SE Unit CT 22,Bothell,WA,98021,881740,5,2.75,Bothell,2703,4543,2018,154,326,71,Sold,,,http://www.redfin.com/WA/Bothell/4418-215th-Pl-SE-98021/unit-CT-22/home/145631423,NWMLS,1291191,N,Y,47.8021235,-122.1818694
PAST SALE,August-24-2018,Single Family Residential,23525 43rd Dr SE #251,Bothell,WA,98021,879950,5,2.75,Canyon Park,2825,3600,2018,154,311,71,Sold,,,http://www.redfin.com/WA/Bothell/23525-43rd-Dr-SE-98021/unit-251/home/144816784,NWMLS,1241517,N,Y,47.7886012,-122.1749223
PAST SALE,August-28-2018,Single Family Residential,24232 1st (#32) Ave SE,Bothell,WA,98021,1255707,5,4.0,Canyon Park,4056,9989,2018,150,310,92,Sold,,,http://www.redfin.com/WA/Bothell/24232-32nd-Ave-SE-98021/home/144762540,NWMLS,1236967,N,Y,47.7959902,-122.1900837
PAST SALE,August-21-2018,Single Family Residential,23722 43rd Dr SE #235,Bothell,WA,98021,869950,5,3.25,Bothell,3222,3152,2018,157,270,71,Sold,,,http://www.redfin.com/WA/Bothell/23722-43rd-Dr-SE-98021/unit-235/home/144713056,NWMLS,1234316,N,Y,47.788691,-122.1749082
PAST SALE,August-10-2018,Single Family Residential,23605 44th Dr SE #110,Bothell,WA,98021,904950,4,3.5,Canyon Park,3316,4151,2017,168,273,72,Sold,,,http://www.redfin.com/WA/Bothell/23605-44th-Dr-SE-98021/unit-110/home/144546264,NWMLS,1228110,N,Y,47.7886062,-122.1736427
PAST SALE,October-18-2018,Single Family Residential,22016 33rd Dr SE #39,Bothell,WA,98021,1200056,4,3.25,Canyon Park,3182,9677,2018,99,377,90,Sold,,,http://www.redfin.com/WA/Bothell/22016-33rd-Dr-SE-98021/unit-39/home/144163124,NWMLS,1211451,N,Y,47.8055965,-122.1882958
PAST SALE,September-18-2018,Single Family Residential,4424 215th Place SE Unit CT 24,Bothell,WA,98021,854995,4,2.5,Bothell,2606,4540,2018,129,328,71,Sold,,,http://www.redfin.com/WA/Bothell/4424-215th-Pl-SE-98021/unit-CT-24/home/145841769,NWMLS,1299759,N,Y,47.8021235,-122.1818694
PAST SALE,September-28-2018,Single Family Residential,4305 Lot 9 223RD PL SE,Bothell,WA,98021,797870,4,2.75,Canyon Park,2256,3468,2018,119,354,102,Sold,,,http://www.redfin.com/WA/Bothell/4305-Lot-9-223rd-Pl-SE-98021/home/144675088,NWMLS,1232323,N,Y,47.79511828578275,-122.17543806841013
PAST SALE,November-26-2018,Single Family Residential,2824 204th St SE,Bothell,WA,98012,670000,4,2.5,Bothell,2196,6970,1996,60,305,30,Sold,,,http://www.redfin.com/WA/Bothell/2824-204th-St-SE-98012/home/2846332,NWMLS,1361105,N,Y,47.8134442,-122.1944075
PAST SALE,August-13-2018,Single Family Residential,4201 222nd Place SE,Bothell,WA,98021,833000,4,2.75,Canyon Park,3167,6970,2011,165,263,55,Sold,,,http://www.redfin.com/WA/Bothell/4201-222nd-Pl-SE-98021/home/40603790,NWMLS,1317504,N,Y,47.7960529,-122.1770169
PAST SALE,July-31-2018,Single Family Residential,4316 186th St SE,Bothell,WA,98012,782995,4,2.25,North Creek,1876,2708,2017,178,417,85,Sold,,,http://www.redfin.com/WA/Bothell/4316-186th-St-SE-98012/home/112747691,NWMLS,1304115,N,Y,47.828779,-122.174487
PAST SALE,November-9-2018,Single Family Residential,22607 42nd Dr SE Unit PVR6,Bothell,WA,98021,674995,3,3.0,Bothell,2451,3594,2018,77,275,56,Sold,,,http://www.redfin.com/WA/Bothell/22607-42nd-Dr-SE-98021/unit-PVR-6/home/146111416,NWMLS,1318926,N,Y,47.789496110305,-122.176572248496
PAST SALE,August-31-2018,Single Family Residential,2205 186th Place SE,Bothell,WA,98012,453600,3,2.0,North Bothell,1264,6098,1987,147,359,,Sold,,,http://www.redfin.com/WA/Bothell/2205-186th-Pl-SE-98012/home/2811380,NWMLS,1345174,N,Y,47.8287619,-122.2030873
PAST SALE,August-20-2018,Single Family Residential,20907 28th Ave SE,Bothell,WA,98021,595000,3,2.5,Bothell,2092,13504,1979,158,284,,Sold,,,http://www.redfin.com/WA/Bothell/20907-28th-Ave-SE-98021/home/2781015,NWMLS,1324802,N,Y,47.8081935,-122.1952701
PAST SALE,November-9-2018,Single Family Residential,20613 39th Ave SE,Bothell,WA,98012,645000,3,2.0,Thrashers Corner,2182,8276,2007,77,296,,Sold,,,http://www.redfin.com/WA/Bothell/20613-39th-Ave-SE-98012/home/12489574,NWMLS,1356160,N,Y,47.810317,-122.180399
PAST SALE,November-7-2018,Condo/Co-op,2422 195 St SE Unit A,Bothell,WA,98012,469990,3,2.5,Bothell,1453,2545,1999,79,323,345,Sold,,,http://www.redfin.com/WA/Bothell/2422-195th-St-SE-98012/unit-A/home/2884051,NWMLS,1370787,N,Y,47.82132,-122.199641
PAST SALE,November-13-2018,Mobile/Manufactured Home,3333 228th Ave SE #29,Bothell,WA,98021,53000,2,,Bothell,840,,1975,73,63,,Sold,,,http://www.redfin.com/WA/Bothell/3333-228th-St-SE-98021/unit-29/home/2871776,NWMLS,1304346,N,Y,47.7930754,-122.1896993
PAST SALE,October-10-2018,Single Family Residential,18313 Baldwin Rd,Bothell,WA,98012,560000,3,2.25,Bothell,1961,45738,1979,107,286,,Sold,,,http://www.redfin.com/WA/Bothell/18313-Baldwin-Rd-98012/home/2647764,NWMLS,1355908,N,Y,47.8316031,-122.2285542
PAST SALE,August-7-2018,Single Family Residential,20926 46th Ave SE,Bothell,WA,98021,745000,4,2.25,Canyon Park,2688,39204,1969,171,277,,Sold,,,http://www.redfin.com/WA/Bothell/20926-46th-Ave-SE-98021/home/2566232,NWMLS,1306291,N,Y,47.8072224,-122.1720501
PAST SALE,August-13-2018,Single Family Residential,2906 Stafford Way,Bothell,WA,98012,425000,3,1.75,Bothell,1830,12197,1968,165,232,,Sold,,,http://www.redfin.com/WA/Bothell/2906-Stafford-Way-98012/home/2750221,NWMLS,1305062,N,Y,47.8224191,-122.1937221
PAST SALE,October-31-2018,Condo/Co-op,2009 196th St SE Unit D203,Bothell,WA,98012,360000,3,2.0,Thrashers Corner,1286,366781,2000,86,280,377,Sold,,,http://www.redfin.com/WA/Bothell/2009-196th-St-SE-98012/unit-D203/home/2884434,NWMLS,1353851,N,Y,47.8213595,-122.2049959
PAST SALE,October-3-2018,Condo/Co-op,20326 Bothell Everett Hwy Unit G-102,Bothell,WA,98012,245000,2,1.0,Thrashers Corner,860,,1986,114,285,357,Sold,,,http://www.redfin.com/WA/Bothell/20326-Bothell-Everett-Hwy-98012/unit-G102/home/2910405,NWMLS,1316503,N,Y,47.8134649,-122.2106829
PAST SALE,August-13-2018,Single Family Residential,21018 25th Dr SE,Bothell,WA,98021,685000,4,3.25,Thrashers Corner,2205,6098,1993,165,311,,Sold,,,http://www.redfin.com/WA/Bothell/21018-25th-Dr-SE-98021/home/2832337,NWMLS,1322133,N,Y,47.8073171,-122.1994374
PAST SALE,August-3-2018,Single Family Residential,3014 215th St SE,Bothell,WA,98021,828000,4,2.5,Canyon Park,2584,8712,1996,175,320,22,Sold,,,http://www.redfin.com/WA/Bothell/3014-215th-St-SE-98021/home/2847650,NWMLS,1308086,N,Y,47.8034683,-122.1922638
PAST SALE,November-13-2018,Single Family Residential,9128 NE 152nd Place,Kenmore,WA,98028,1925000,6,5.25,Kenmore,6484,15291,2009,73,297,,Sold,,,http://www.redfin.com/WA/Kenmore/9128-NE-152nd-Pl-98028/home/22524668,NWMLS,1360566,N,Y,47.7388372,-122.2190687
PAST SALE,August-7-2018,Single Family Residential,3010 214th St SE,Bothell,WA,98021,795000,4,2.5,Bothell,2584,7841,1995,171,308,22,Sold,,,http://www.redfin.com/WA/Bothell/3010-214th-St-SE-98021/home/2847656,NWMLS,1305191,N,Y,47.8041999,-122.1926692
PAST SALE,July-30-2018,Single Family Residential,24217 4TH Place W,Bothell,WA,98021,483000,3,1.0,Bothell,1325,13068,1959,179,365,,Sold,,,http://www.redfin.com/WA/Bothell/24217-4th-Pl-W-98021/home/2710019,NWMLS,1299776,N,Y,47.7782967,-122.2388631
PAST SALE,November-30-2018,Single Family Residential,922 183rd Place SE,Mill Creek,WA,98012,535000,3,2.5,Bothell,1977,3485,2001,56,271,42,Sold,,,http://www.redfin.com/WA/Mill-Creek/922-183rd-Pl-SE-98012/home/2889688,NWMLS,1373430,N,Y,47.8314898,-122.2183672
PAST SALE,August-28-2018,Condo/Co-op,15917 Waynita Way NE Unit E103,Bothell,WA,98011,220000,1,1.0,Bothell,626,961258,1988,150,351,215,Sold,,,http://www.redfin.com/WA/Bothell/15917-Waynita-Way-NE-98011/unit-E103/home/64495,NWMLS,1293230,N,Y,47.7425774,-122.2127836
PAST SALE,November-19-2018,Townhouse,2013 187th Place SE,Bothell,WA,98012,445000,3,2.5,Bothell,1830,3485,1995,67,243,75,Sold,,,http://www.redfin.com/WA/Bothell/2013-187th-Pl-SE-98012/home/2843234,NWMLS,1369914,N,Y,47.828165,-122.2052139
PAST SALE,August-16-2018,Single Family Residential,19036 84th  (Lot #6) Place NE,Bothell,WA,98011,1050000,5,3.25,Bothell,3436,4430,2018,162,306,84,Sold,,,http://www.redfin.com/WA/Bothell/19036-84th-Pl-NE-98011/home/113178434,NWMLS,1236036,N,Y,47.766663,-122.227018
PAST SALE,December-7-2018,Single Family Residential,23406 Meridian Ave S,Bothell,WA,98021,320000,3,1.0,Canyon Park,1248,7841,1960,49,256,,Sold,,,http://www.redfin.com/WA/Bothell/23406-Meridian-Ave-S-98021/home/2733487,NWMLS,1387917,N,Y,47.785769,-122.2332442
PAST SALE,November-9-2018,Single Family Residential,22404 5th Place W,Bothell,WA,98021,870358,4,2.5,Canyon Park,2828,7405,2006,77,308,38,Sold,,,http://www.redfin.com/WA/Bothell/22404-5th-Pl-W-98021/home/11881371,NWMLS,1358751,N,Y,47.7948215,-122.2409248
PAST SALE,August-24-2018,Single Family Residential,14724 45th Ave SE,Bothell,WA,98012,525000,4,2.5,Silver Firs,2161,3150,2008,154,243,,Sold,,,http://www.redfin.com/WA/Bothell/14724-45th-Ave-SE-98012/home/21501179,NWMLS,1300163,N,Y,47.8636813,-122.1717015
PAST SALE,October-4-2018,Condo/Co-op,14915 38th Dr SE Unit B3004,Bothell,WA,98012,305000,2,1.75,Bothell,1109,399159,2007,113,275,236,Sold,,,http://www.redfin.com/WA/Bothell/14915-38th-Dr-SE-98012/unit-B3004/home/146879472,NWMLS,1346977,N,Y,47.8622748,-122.1798117
PAST SALE,November-20-2018,Single Family Residential,15309 35th Dr SE,Bothell,WA,98012,460000,3,2.5,Mill Creek,1690,3920,2004,66,272,32,Sold,,,http://www.redfin.com/WA/Bothell/15309-35th-Dr-SE-98012/home/2910094,NWMLS,1359756,N,Y,47.8587745,-122.185729
PAST SALE,August-10-2018,Single Family Residential,231 183rd St SW,Bothell,WA,98012,615000,4,2.5,Bothell,2461,12632,1972,168,250,,Sold,,,http://www.redfin.com/WA/Bothell/231-183rd-St-SW-98012/home/2769534,NWMLS,1330979,N,Y,47.8321101,-122.2369355
PAST SALE,October-31-2018,Single Family Residential,120 Poppy Rd,Bothell,WA,98012,575000,4,2.75,Bothell,2056,17861,1977,86,280,,Sold,,,http://www.redfin.com/WA/Bothell/120-Poppy-Rd-98012/home/2648093,NWMLS,1345959,N,Y,47.8252643,-122.2294506
PAST SALE,August-27-2018,Single Family Residential,23131 14th Dr SE,Bothell,WA,98021,610000,4,2.5,Canyon Park,2398,8267,1994,151,254,3,Sold,,,http://www.redfin.com/WA/Bothell/23131-14th-Dr-SE-98021/home/2838032,NWMLS,1331706,N,Y,47.7878298,-122.2132629
PAST SALE,November-9-2018,Single Family Residential,227 197th Place SE,Bothell,WA,98012,615000,3,2.5,Bothell,2081,3436,2012,77,296,43,Sold,,,http://www.redfin.com/WA/Bothell/227-197th-Pl-SE-98012/unit-20/home/51566637,NWMLS,1366827,N,Y,47.8193791,-122.227945
PAST SALE,September-17-2018,Single Family Residential,18025 3rd Dr SE Unit GP 38,Bothell,WA,98012,712823,4,3.25,North Creek,2734,5646,2017,130,261,20,Sold,,,http://www.redfin.com/WA/Bothell/18025-3rd-Dr-SE-98012/unit-GP-38/home/146166522,NWMLS,1322373,N,Y,47.8341082,-122.2271398
PAST SALE,September-28-2018,Single Family Residential,18107 Baldwin Rd Unit GP 22,Bothell,WA,98012,803872,4,3.25,North Creek,3402,4044,2017,119,236,20,Sold,,,http://www.redfin.com/WA/Bothell/18107-Baldwin-Rd-98012/unit-GP-22/home/145370345,NWMLS,1277557,N,Y,47.833553,-122.229064
PAST SALE,August-30-2018,Single Family Residential,19115 104th Ave NE,Bothell,WA,98011,650000,4,2.25,Downtown Bothell,2090,15743,1962,148,311,,Sold,,,http://www.redfin.com/WA/Bothell/19115-104th-Ave-NE-98011/home/286432,NWMLS,1317545,N,Y,47.7673311,-122.2018924
PAST SALE,August-10-2018,Single Family Residential,19909 30th Dr SE,Bothell,WA,98012,554000,3,2.0,Thrashers Corner,1595,6534,1996,168,347,,Sold,,,http://www.redfin.com/WA/Bothell/19909-30th-Dr-SE-98012/home/2850071,NWMLS,1314988,N,Y,47.8170323,-122.1915893
PAST SALE,August-16-2018,Single Family Residential,19215 34th Dr SE,Bothell,WA,98012,452000,3,1.75,North Creek,1104,10890,1970,162,409,,Sold,,,http://www.redfin.com/WA/Bothell/19215-34th-Dr-SE-98012/home/2677822,NWMLS,1318982,N,Y,47.8229705,-122.1866148
PAST SALE,August-7-2018,Single Family Residential,12312 NE 205th St #40,Bothell,WA,98011,717600,3,2.5,Bothell,2370,6327,2006,171,303,37,Sold,,,http://www.redfin.com/WA/Bothell/12312-NE-205th-St-98011/unit-40/home/11884913,NWMLS,1311644,N,Y,47.7764282,-122.1766601
PAST SALE,August-29-2018,Townhouse,10719 Ross Rd Unit A,Bothell,WA,98011,680000,4,2.5,Bothell,2325,71371,2010,149,292,295,Sold,,,http://www.redfin.com/WA/Bothell/10719-Ross-Rd-98011/unit-A/home/25674684,NWMLS,1357190,N,Y,47.7628754,-122.1972861
PAST SALE,August-13-2018,Single Family Residential,1411 192nd Place SE #17,Bothell,WA,98012,664995,4,2.5,Bothell,2399,3700,2018,165,277,,Sold,,,http://www.redfin.com/WA/Bothell/1411-192nd-St-SE-98012/unit-17/home/146242856,NWMLS,1328928,N,Y,47.8239493,-122.215506
PAST SALE,August-20-2018,Single Family Residential,23603 43rd Dr SE #249,Bothell,WA,98021,879950,5,2.75,Canyon Park,2825,3600,2018,158,311,71,Sold,,,http://www.redfin.com/WA/Bothell/23603-43rd-Dr-SE-98021/unit-249/home/146123778,NWMLS,1320122,N,Y,47.788598,-122.174924
PAST SALE,August-21-2018,Single Family Residential,19204 13th Dr SE #4,Bothell,WA,98012,699995,4,2.5,Bothell,2653,3690,2018,157,264,125,Sold,,,http://www.redfin.com/WA/Bothell/19204-13th-Dr-SE-98012/unit-4/home/146077528,NWMLS,1314180,N,Y,47.820167,-122.2126883
PAST SALE,July-30-2018,Single Family Residential,23530 43rd Dr SE #221,Bothell,WA,98021,849950,5,2.75,Canyon Park,2825,3600,2018,179,301,71,Sold,,,http://www.redfin.com/WA/Bothell/23530-43rd-Dr-SE-98021/unit-221/home/144635961,NWMLS,1230911,N,Y,47.788691,-122.1749082
PAST SALE,August-10-2018,Mobile/Manufactured Home,19404 127th Ave NE,Bothell,WA,98011,310000,2,2.0,Holly Hills,1780,5253,1978,168,174,,Sold,,,http://www.redfin.com/WA/Bothell/19404-127th-Ave-NE-98011/home/53869483,NWMLS,1305362,N,Y,47.7687903,-122.171727
PAST SALE,December-14-2018,Single Family Residential,17416 30th Dr SE,Bothell,WA,98012,487500,3,2.5,Mill Creek,1588,10890,1979,42,307,,Sold,,,http://www.redfin.com/WA/Bothell/17416-30th-Dr-SE-98012/home/2787068,NWMLS,1374857,N,Y,47.8395608,-122.1920647
PAST SALE,October-31-2018,Single Family Residential,1131 203rd Place SE,Bothell,WA,98012,512000,3,2.25,Thrashers Corner,1672,10890,1970,86,306,,Sold,,,http://www.redfin.com/WA/Bothell/1131-203rd-Pl-SE-98012/home/2679679,NWMLS,1338468,N,Y,47.8138527,-122.2162596
PAST SALE,September-25-2018,Single Family Residential,4107 177th Place SE Unit PND 4,Bothell,WA,98012,749534,4,4.0,Bothell,2492,3854,2018,122,301,96,Sold,,,http://www.redfin.com/WA/Bothell/4107-177th-Pl-SE-98012/unit-PND-4/home/145543399,NWMLS,1283126,N,Y,47.8372545,-122.1865422
PAST SALE,November-30-2018,Condo/Co-op,3915 243rd St SE Unit K304,Bothell,WA,98021,315000,2,2.0,North Creek,983,701709,1997,56,320,420,Sold,,,http://www.redfin.com/WA/Bothell/3915-243rd-Pl-SE-98021/unit-K304/home/12334377,NWMLS,1381990,N,Y,47.7771979,-122.1774966
PAST SALE,November-5-2018,Single Family Residential,4141 240th Place SE,Bothell,WA,98021,700000,4,3.0,North Creek,2726,4568,2007,81,257,54,Sold,,,http://www.redfin.com/WA/Bothell/4141-240-Pl-SE-98021/unit-34/home/12104867,NWMLS,1371776,N,Y,47.7795309,-122.1764723
PAST SALE,August-30-2018,Condo/Co-op,3908 243rd Place SE Unit Q-203,Bothell,WA,98021,289000,2,1.0,Bothell,871,,1997,148,332,375,Sold,,,http://www.redfin.com/WA/Bothell/3908-243rd-Pl-SE-98021/unit-Q203/home/11884615,NWMLS,1330008,N,Y,47.7771979,-122.1774966
PAST SALE,November-5-2018,Condo/Co-op,3908 243rd Place SE Unit Q204,Bothell,WA,98021,290000,2,1.0,Bothell,871,,1997,81,333,375,Sold,,,http://www.redfin.com/WA/Bothell/3908-243rd-Pl-SE-98021/unit-Q204/home/11884616,NWMLS,1360857,N,Y,47.7771979,-122.1774966
PAST SALE,August-7-2018,Condo/Co-op,3906 243rd Place SE Unit P101,Bothell,WA,98021,235000,1,1.0,North Creek,739,,1997,171,318,318,Sold,,,http://www.redfin.com/WA/Bothell/3906-243rd-Pl-SE-98021/unit-P101/home/11884598,NWMLS,1323511,N,Y,47.7771979,-122.1774966
PAST SALE,November-14-2018,Single Family Residential,23219 44th Dr SE #5,Bothell,WA,98021,869950,4,2.5,Bothell,2501,3392,2018,72,348,64,Sold,,,http://www.redfin.com/WA/Bothell/23219-44th-Dr-SE-98021/unit-5/home/145927359,NWMLS,1303865,N,Y,47.7886225,-122.1733177
PAST SALE,November-30-2018,Single Family Residential,23223 44TH Dr SE #4,Bothell,WA,98021,754950,4,2.75,Bothell,2494,3749,2018,56,303,64,Sold,,,http://www.redfin.com/WA/Bothell/23223-44th-Dr-SE-98021/unit-4/home/147306392,NWMLS,1368462,N,Y,47.7886225,-122.1733177
PAST SALE,August-31-2018,Single Family Residential,22529 41st Dr SE Unit PVR26,Bothell,WA,98021,765005,4,3.25,Bothell,2620,4610,2017,147,292,56,Sold,,,http://www.redfin.com/WA/Bothell/22529-41st-Dr-SE-98021/unit-PVR26/home/146015595,NWMLS,1308420,N,Y,47.781532,-122.177429
PAST SALE,August-13-2018,Single Family Residential,22609 41st Dr SE Unit PVR29,Bothell,WA,98021,803755,4,2.75,Bothell,2708,4600,2018,165,297,56,Sold,,,http://www.redfin.com/WA/Bothell/22609-41st-Dr-SE-98021/unit-PVR29/home/145699642,NWMLS,1292034,N,Y,47.781532,-122.177429
PAST SALE,July-31-2018,Single Family Residential,22525 41st Dr SE Unit PVR25,Bothell,WA,98021,832480,4,2.75,Bothell,2708,4123,2018,178,307,56,Sold,,,http://www.redfin.com/WA/Bothell/22525-41st-Dr-SE-98021/unit-PVR25/home/145651460,NWMLS,1291948,N,Y,47.781532,-122.177429
PAST SALE,September-13-2018,Single Family Residential,4328 231st Place SE,Bothell,WA,98021,927612,4,2.5,Canyon Park,2566,5508,2018,134,362,80,Sold,,,http://www.redfin.com/WA/Bothell/4328-231st-Pl-SE-98021/home/144915443,NWMLS,1249461,N,Y,47.7877228,-122.1746646
PAST SALE,August-22-2018,Single Family Residential,23529 43rd Dr SE #250,Bothell,WA,98021,834950,4,2.5,Canyon Park,2501,3600,2018,156,334,71,Sold,,,http://www.redfin.com/WA/Bothell/23529-43rd-Dr-SE-98021/unit-250/home/144801453,NWMLS,1241072,N,Y,47.788601,-122.1749224
PAST SALE,August-9-2018,Single Family Residential,23621 44th Dr SE #106,Bothell,WA,98021,899950,4,3.5,Canyon Park,3316,3999,2018,169,271,71,Sold,,,http://www.redfin.com/WA/Bothell/23621-44th-Dr-SE-98021/unit-106/home/144267017,NWMLS,1215755,N,Y,47.7890146,-122.1736881
PAST SALE,November-28-2018,Single Family Residential,12723 NE 200th Place,Bothell,WA,98011,589500,3,2.5,Morningside,1890,3600,1988,58,312,63,Sold,,,http://www.redfin.com/WA/Bothell/12723-NE-200th-Pl-98011/home/287458,NWMLS,1380551,N,Y,47.772728,-122.1708629
PAST SALE,August-17-2018,Condo/Co-op,12006 NE 204th Place Unit B-203,Bothell,WA,98011,300000,2,2.0,Bothell,983,438994,1997,161,305,423,Sold,,,http://www.redfin.com/WA/Bothell/12006-NE-204th-Pl-98011/unit-B203/home/8190486,NWMLS,1331568,N,Y,47.776283,-122.1787986
PAST SALE,October-30-2018,Single Family Residential,19 236th Place SE #14,Bothell,WA,98021,1099910,5,3.25,Bothell,3355,9600,2018,87,328,115,Sold,,,http://www.redfin.com/WA/Bothell/19-236th-St-SE-98021/unit-14/home/146072853,NWMLS,1312896,N,Y,47.784415,-122.2322192
PAST SALE,July-31-2018,Single Family Residential,16605 122nd Place NE,Bothell,WA,98011,1700000,11,7.5,Cherry Hill,4970,24705,1939,178,342,,Sold,,,http://www.redfin.com/WA/Bothell/16605-122nd-Pl-NE-98011/home/113608475,NWMLS,1090353,N,Y,47.7487838,-122.1769632
PAST SALE,September-7-2018,Single Family Residential,20 NE 236th Place SE #3,Bothell,WA,98021,1099995,5,3.25,Bothell,3376,9600,2018,140,326,115,Sold,,,http://www.redfin.com/WA/Bothell/20-236th-Pl-SE-Unknown/unit-3/home/145981084,NWMLS,1304810,N,Y,47.784291,-122.232655
PAST SALE,November-26-2018,Single Family Residential,314 228th St SE,Bothell,WA,98021,585000,3,2.5,Canyon Park,1689,14810,1997,60,346,,Sold,,,http://www.redfin.com/WA/Bothell/314-228th-St-SE-98021/home/2618325,NWMLS,1349113,N,Y,47.7907727,-122.2268736
PAST SALE,July-31-2018,Condo/Co-op,15300 112th Ave NE Unit B201,Bothell,WA,98011,295000,1,1.0,Bothell,749,,1999,178,394,258,Sold,,,http://www.redfin.com/WA/Bothell/15300-112th-Ave-NE-98011/unit-B201/home/22685300,NWMLS,1300560,N,Y,47.7394231,-122.1907686
PAST SALE,September-20-2018,Single Family Residential,10015 NE 155th St,Bothell,WA,98011,875000,4,2.5,Bridlewood,2832,9616,1994,127,309,24,Sold,,,http://www.redfin.com/WA/Bothell/10015-NE-155th-St-98011/home/284598,NWMLS,1346653,N,Y,47.7412297,-122.2069948
PAST SALE,December-7-2018,Single Family Residential,104 236th Place SE #5,Bothell,WA,98021,1147600,5,3.25,Bothell,3607,10025,2018,49,318,,Sold,,,http://www.redfin.com/WA/Bothell/104-236th-Pl-SW-98021/unit-5/home/146191068,NWMLS,1324357,N,Y,47.7834998,-122.2344566
PAST SALE,July-31-2018,Single Family Residential,15108 111th Ave NE,Bothell,WA,98011,504000,3,2.0,Juanita,1680,9039,1976,178,300,,Sold,,,http://www.redfin.com/WA/Bothell/15108-111th-Ave-NE-98011/home/457403,NWMLS,1285072,N,Y,47.7375098,-122.1920496
PAST SALE,August-1-2018,Condo/Co-op,10826 NE 148th Lane Unit H102,Bothell,WA,98011,365000,3,2.0,Juanita,1084,374551,1982,177,337,432,Sold,,,http://www.redfin.com/WA/Bothell/10826-NE-148th-Ln-98011/unit-H102/home/17069044,NWMLS,1317101,N,Y,47.73511951973375,-122.19517216413504
PAST SALE,August-28-2018,Single Family Residential,11123 NE 162nd St,Bothell,WA,98011,813000,3,2.5,Norway Hill,3130,5587,2006,150,260,54,Sold,,,http://www.redfin.com/WA/Bothell/11123-NE-162nd-St-98011/home/8187308,NWMLS,1334436,N,Y,47.7455771,-122.1939451
PAST SALE,September-19-2018,Single Family Residential,1218 198th Place SE Lot 67,Bothell,WA,98012,764720,4,2.5,Thrashers Corner,2346,4746,2018,128,326,81,Sold,,,http://www.redfin.com/WA/Bothell/1218-198th-Pl-SE-98012/unit-67/home/145995339,NWMLS,1305643,N,Y,47.8178936,-122.2206202
PAST SALE,November-30-2018,Condo/Co-op,10834 NE 148th Lane Unit C-4,Bothell,WA,98011,326000,2,1.0,Juanita,999,374551,1982,56,326,399,Sold,,,http://www.redfin.com/WA/Bothell/10834-NE-148th-Ln-98011/unit-C4/home/2078134,NWMLS,1376372,N,Y,47.7353434,-122.1946028
PAST SALE,July-31-2018,Single Family Residential,15101 91st Place NE,Bothell,WA,98011,910000,4,2.75,Amber Ridge,2760,9014,1989,178,330,20,Sold,,,http://www.redfin.com/WA/Bothell/15101-91st-Pl-NE-98011/home/285195,NWMLS,1312785,N,Y,47.7371867,-122.2196138
PAST SALE,August-10-2018,Townhouse,15707 Waynita Way NE Unit C302,Bothell,WA,98011,330000,2,1.75,Bothell,938,961258,1988,168,352,323,Sold,,,http://www.redfin.com/WA/Bothell/15707-Waynita-Way-NE-98011/unit-C302/home/71232,NWMLS,1322973,N,Y,47.7425774,-122.2127836
PAST SALE,November-29-2018,Condo/Co-op,2009 196th St SE Unit E302,Bothell,WA,98012,300000,2,2.0,Kennard Corner,924,,2000,57,325,273,Sold,,,http://www.redfin.com/WA/Bothell/2009-196th-St-SE-98012/unit-E302/home/2884450,NWMLS,1359096,N,Y,47.8213595,-122.2049959
PAST SALE,July-31-2018,Condo/Co-op,10824 NE 147th Lane Unit K102,Bothell,WA,98011,244000,1,1.0,Juanita,626,374551,1982,178,390,250,Sold,,,http://www.redfin.com/WA/Bothell/10824-NE-147th-Ln-98011/unit-K102/home/12305841,NWMLS,1322719,N,Y,47.734801,-122.1960243
PAST SALE,August-3-2018,Condo/Co-op,15700 116th Ave NE #305,Bothell,WA,98011,440000,2,2.0,Bothell,1096,,2007,175,401,331,Sold,,,http://www.redfin.com/WA/Bothell/15700-116th-Ave-NE-98011/unit-305/home/12537612,NWMLS,1319119,N,Y,47.7417104,-122.1853146
PAST SALE,August-8-2018,Townhouse,2331 194th St SE,Bothell,WA,98012,517000,3,2.5,Bothell,1947,3500,2004,170,266,35,Sold,,,http://www.redfin.com/WA/Bothell/2331-194th-St-SE-98012/unit-45/home/3034507,NWMLS,1291393,N,Y,47.8218276,-122.2004076
PAST SALE,August-1-2018,Townhouse,16125 Juanita Woodinville Wy NE #2004,Bothell,WA,98011,362500,2,2.25,Bothell,1177,479497,1999,177,308,368,Sold,,,http://www.redfin.com/WA/Bothell/16125-Juanita-Woodinville-Way-NE-98011/unit-2004/home/36597,NWMLS,1319029,N,Y,47.7461684,-122.1851573
PAST SALE,November-26-2018,Single Family Residential,20315 85th Place NE #21,Bothell,WA,98011,899995,5,2.75,Bothell,3008,3600,2018,60,299,110,Sold,,,http://www.redfin.com/WA/Bothell/20315-85th-Pl-NE-98011/unit-21/home/146097111,NWMLS,1317079,N,Y,47.7574619,-122.2264823
PAST SALE,September-28-2018,Single Family Residential,1203 198th Place SE Lot 10,Bothell,WA,98012,695745,3,2.5,Thrashers Corner,2084,3987,2018,119,334,81,Sold,,,http://www.redfin.com/WA/Bothell/1203-198th-Pl-SE-98012/unit-10/home/146051522,NWMLS,1310096,N,Y,47.8178936,-122.2206202
PAST SALE,December-3-2018,Single Family Residential,11301 NE 147th St,Kirkland,WA,98034,750000,4,1.75,Norway Hill,1736,7828,1967,53,432,,Sold,,,http://www.redfin.com/WA/Kirkland/11301-NE-147th-St-98034/home/457997,NWMLS,1374200,N,Y,47.7343007,-122.190661
PAST SALE,November-29-2018,Single Family Residential,10109 NE 155th St,Bothell,WA,98011,894666,3,2.5,Bridlewood,2450,9600,1991,57,365,20,Sold,,,http://www.redfin.com/WA/Bothell/10109-NE-155th-St-98011/home/285070,NWMLS,1369030,N,Y,47.7406953,-122.2052797
PAST SALE,November-9-2018,Single Family Residential,1500 183rd St SE,Bothell,WA,98012,865000,4,3.25,North Creek,4274,39640,2005,77,202,,Sold,,,http://www.redfin.com/WA/Bothell/1500-183rd-St-SE-98012/home/2546429,NWMLS,1348939,N,Y,47.8303269,-122.2138829
PAST SALE,November-2-2018,Single Family Residential,20611 11th Dr SE,Bothell,WA,98012,660000,4,3.25,Thrashers Corner,2191,21780,1977,84,301,,Sold,,,http://www.redfin.com/WA/Bothell/20611-11th-Dr-SE-98012/home/2776490,NWMLS,1362930,N,Y,47.8108121,-122.2174651
PAST SALE,September-12-2018,Single Family Residential,1220 198th Place SE Lot 68,Bothell,WA,98012,818780,5,2.75,Thrashers Corner,2703,4905,2018,135,303,81,Sold,,,http://www.redfin.com/WA/Bothell/1220-198th-Pl-SE-98012/unit-68/home/146019369,NWMLS,1308542,N,Y,47.8178936,-122.2206202
PAST SALE,November-9-2018,Single Family Residential,19730 11th Dr SE Unit ARV18,Bothell,WA,98012,769995,4,2.5,Thrashers Corner,2346,4699,2018,77,328,81,Sold,,,http://www.redfin.com/WA/Bothell/19730-11th-Dr-SE-98012/unit-ARV18/home/146242581,NWMLS,1326891,N,Y,47.8137925,-122.2165806
PAST SALE,November-14-2018,Single Family Residential,1205 198th Place SE Unit ARV 9,Bothell,WA,98012,649995,3,2.5,Thrashers Corner,1911,3882,2018,72,340,81,Sold,,,http://www.redfin.com/WA/Bothell/1205-198th-Pl-SE-98012/unit-ARV-9/home/147562845,NWMLS,1310081,N,Y,47.8178936,-122.2206202
PAST SALE,October-17-2018,Single Family Residential,1214 198th Place SE Unit ARV65,Bothell,WA,98012,818945,5,3.25,Thrashers Corner,2682,5048,2018,100,305,81,Sold,,,http://www.redfin.com/WA/Bothell/1214-198th-Pl-SE-98012/unit-ARV65/home/146092708,NWMLS,1314943,N,Y,47.8182943,-122.215566
PAST SALE,July-31-2018,Single Family Residential,19417 7th Ave SE,Bothell,WA,98012,675000,4,2.5,Canyon Park,2605,5227,2011,178,259,21,Sold,,,http://www.redfin.com/WA/Bothell/19417-7th-Ave-SE-98012/home/35654580,NWMLS,1309495,N,Y,47.8226527,-122.2217532
PAST SALE,December-4-2018,Single Family Residential,607 194th Place SE,Bothell,WA,98012,645000,4,2.5,Canyon Park,2382,3920,2010,52,271,,Sold,,,http://www.redfin.com/WA/Bothell/607-194th-Pl-SE-98012/home/39951426,NWMLS,1381149,N,Y,47.8221466,-122.223641
PAST SALE,September-18-2018,Single Family Residential,1414 192nd Place SE #12,Bothell,WA,98012,724995,5,3.25,Bothell,2850,2928,2018,129,254,125,Sold,,,http://www.redfin.com/WA/Bothell/1414-192nd-St-SE-98012/unit-12/home/146243059,NWMLS,1328955,N,Y,47.8239471,-122.2153475
PAST SALE,January-15-2019,Single Family Residential,10920 NE 157th St,Bothell,WA,98011,745000,4,2.5,Norway Hill,2060,13313,1988,10,362,16,Sold,,,http://www.redfin.com/WA/Bothell/10920-NE-157th-St-98011/home/284778,NWMLS,1338814,N,Y,47.7409517,-122.1944746
PAST SALE,September-24-2018,Single Family Residential,1222 198th Place SE Lot 69,Bothell,WA,98012,779995,4,2.5,Thrashers Corner,2606,5117,2018,123,299,81,Sold,,,http://www.redfin.com/WA/Bothell/1222-198th-Pl-SE-98012/unit-69/home/145926446,NWMLS,1303167,N,Y,47.8178936,-122.2206202
PAST SALE,December-18-2018,Single Family Residential,22304 17th Place W,Bothell,WA,98021,480900,3,2.0,Bothell,1204,9583,1968,38,399,,Sold,,,http://www.redfin.com/WA/Bothell/22304-17th-Pl-W-98021/home/2770032,NWMLS,1379131,N,Y,47.7960443,-122.2570325
PAST SALE,November-7-2018,Single Family Residential,18820 10th Dr SE Lot 5,Bothell,WA,98012,850000,4,2.75,Canyon Park,3000,13556,2017,79,283,,Sold,,,http://www.redfin.com/WA/Bothell/18820-10th-Dr-SE-98012/unit-5/home/145282126,NWMLS,1364464,N,Y,47.8270872,-122.2187069
PAST SALE,August-6-2018,Condo/Co-op,21529 4th Ave W Unit C35,Bothell,WA,98021,315000,2,1.75,Hilltop,1237,,1980,172,255,297,Sold,,,http://www.redfin.com/WA/Bothell/21529-4th-Ave-W-98021/unit-C35/home/2798894,NWMLS,1316834,N,Y,47.8028807,-122.2370369
PAST SALE,August-13-2018,Single Family Residential,1701 226th Place SW,Bothell,WA,98021,480000,3,2.5,Bothell,1814,6970,1993,165,265,31,Sold,,,http://www.redfin.com/WA/Bothell/1701-226th-Pl-SW-98021/home/2831048,NWMLS,1330540,N,Y,47.7943859,-122.2559891
PAST SALE,December-5-2018,Single Family Residential,625 217th St SW,Bothell,WA,98021,490000,4,1.75,Queensborough,1288,9148,1969,51,380,,Sold,,,http://www.redfin.com/WA/Bothell/625-217th-St-SW-98021/home/2768960,NWMLS,1383932,N,Y,47.8018023,-122.2416677
PAST SALE,,Single Family Residential,21613 6th Ave W,Bothell,WA,98021,109279,4,3.0,,1648,10019,1971,,66,,,,,http://www.redfin.com/WA/Bothell/21613-6th-Ave-W-98021/home/2768944,,,N,Y,47.8018764,-122.2401999
PAST SALE,November-21-2018,Single Family Residential,107 Nellis Rd,Bothell,WA,98012,525000,3,2.5,Bothell,2069,4792,2002,65,254,13,Sold,,,http://www.redfin.com/WA/Bothell/107-Nellis-Rd-98012/home/2893055,NWMLS,1365167,N,Y,47.8131964,-122.2298549
PAST SALE,September-12-2018,Single Family Residential,22601 17th Place W,Bothell,WA,98021,605000,3,2.5,Bothell,2022,6970,1992,135,299,31,Sold,,,http://www.redfin.com/WA/Bothell/22601-17th-Pl-W-98021/home/2831064,NWMLS,1334292,N,Y,47.7939009,-122.2567128
PAST SALE,October-18-2018,Single Family Residential,1429 220th Place SW,Bothell,WA,98021,500000,4,2.25,Bothell,1502,9148,1988,99,333,,Sold,,,http://www.redfin.com/WA/Bothell/1429-220th-Pl-SW-98021/home/2815244,NWMLS,1364099,N,Y,47.7987299,-122.2522752
PAST SALE,September-25-2018,Single Family Residential,1215 227th Place SW,Bothell,WA,98021,442500,3,2.0,Canyon Park,1224,6098,1984,122,362,,Sold,,,http://www.redfin.com/WA/Bothell/1215-227th-Pl-SW-98021/home/2802829,NWMLS,1343107,N,Y,47.792262,-122.2501723
PAST SALE,December-7-2018,Single Family Residential,216 215th St SE,Bothell,WA,98021,630000,4,4.0,Bothell,2962,9148,1976,49,213,,Sold,,,http://www.redfin.com/WA/Bothell/216-215th-St-SE-98021/home/2773681,NWMLS,1341009,N,Y,47.8023714,-122.2286325
PAST SALE,December-5-2018,Single Family Residential,327 213th Place SW,Bothell,WA,98021,383000,3,1.75,Bothell,1288,7405,1969,51,297,,Sold,,,http://www.redfin.com/WA/Bothell/327-213th-Pl-SW-98021/home/2766337,NWMLS,1360614,N,Y,47.8046756,-122.2375753
PAST SALE,September-29-2018,Single Family Residential,21924 3rd Place W,Bothell,WA,98021,499950,3,1.75,Bothell,1455,9148,1968,118,344,,Sold,,,http://www.redfin.com/WA/Bothell/21924-3rd-Pl-W-98021/home/2734983,NWMLS,1322992,N,Y,47.7987749,-122.2379051
PAST SALE,November-20-2018,Single Family Residential,21429 Meridian Dr SE,Bothell,WA,98021,1800000,4,1.5,Canyon Park,2140,108262,1959,66,841,,Sold,,,http://www.redfin.com/WA/Bothell/21429-Meridian-Dr-SE-98021/home/2727359,NWMLS,1236565,N,Y,47.8030189,-122.2319065
PAST SALE,November-26-2018,Single Family Residential,415 216th St SW,Bothell,WA,98021,455000,3,2.0,Queensborough,1300,11761,1959,60,350,,Sold,,,http://www.redfin.com/WA/Bothell/415-216th-St-SW-98021/home/2649055,NWMLS,1374488,N,Y,47.8024949,-122.2390504
PAST SALE,November-26-2018,Single Family Residential,19906 Filbert Dr,Bothell,WA,98012,375000,4,1.75,Thrashers Corner,1592,10454,1967,60,236,,Sold,,,http://www.redfin.com/WA/Bothell/19906-Filbert-Dr-98012/home/2648582,NWMLS,1380748,N,Y,47.817563,-122.2257928
PAST SALE,August-7-2018,Single Family Residential,1203 216th SW,Lynnwood,WA,98036,589950,5,2.75,Bothell,2365,5227,2008,171,249,35,Sold,,,http://www.redfin.com/WA/Lynnwood/1203-216th-St-SW-98036/home/21500280,NWMLS,1319086,N,Y,47.8025557,-122.249391
PAST SALE,December-5-2018,Single Family Residential,329 203rd Place SE,Bothell,WA,98012,573000,4,2.5,Canyon Park,2247,3070,2011,51,255,55,Sold,,,http://www.redfin.com/WA/Bothell/329-203rd-Pl-SE-98012/unit-17/home/28892565,NWMLS,1364845,N,Y,47.813369,-122.2264293
PAST SALE,November-30-2018,Single Family Residential,10819 NE 154th Place,Bothell,WA,98011,650000,4,2.5,Norway Hill,1740,7874,1976,56,374,,Sold,,,http://www.redfin.com/WA/Bothell/10819-NE-154th-Pl-98011/home/457983,NWMLS,1376401,N,Y,47.7394412,-122.1964217
PAST SALE,December-4-2018,Single Family Residential,19012 103rd Ave NE,Bothell,WA,98011,485000,2,1.0,Downtown Bothell,720,10000,1951,52,674,,Sold,,,http://www.redfin.com/WA/Bothell/19012-103rd-Ave-NE-98011/home/286429,NWMLS,1366162,N,Y,47.7659831,-122.2030449
PAST SALE,August-8-2018,Single Family Residential,17010 105th Ave NE,Bothell,WA,98011,975000,4,2.5,Norway Hill,2910,18404,1990,170,335,100,Sold,,,http://www.redfin.com/WA/Bothell/17010-105th-Ave-NE-98011/home/284915,NWMLS,1325955,N,Y,47.7511022,-122.2010835
PAST SALE,December-5-2018,Single Family Residential,19061 86th Ave NE,Bothell,WA,98011,440000,3,1.0,Bothell,1210,9473,1968,51,364,,Sold,,,http://www.redfin.com/WA/Bothell/19061-86th-Ave-NE-98011/home/283251,NWMLS,1349540,N,Y,47.767806,-122.2257943
PAST SALE,October-1-2018,Townhouse,12118 NE 171 Place Unit E 204,Bothell,WA,98011,474900,2,2.5,Bothell,1346,,1995,116,353,434,Sold,,,http://www.redfin.com/WA/Bothell/12118-NE-171st-Pl-98011/unit-E204/home/15666,NWMLS,1344895,N,Y,47.7521099,-122.1787189
PAST SALE,October-9-2018,Single Family Residential,631 196th Place SE,Bothell,WA,98012,525000,3,1.75,Bothell,1248,10890,1989,108,421,,Sold,,,http://www.redfin.com/WA/Bothell/631-196th-Pl-SE-98012/home/2819342,NWMLS,1337068,N,Y,47.8202836,-122.2223224
PAST SALE,August-1-2018,Mobile/Manufactured Home,19257 Hollyhills Dr NE,Bothell,WA,98011,300000,4,2.0,Holly Hills,1568,4969,2000,177,191,25,Sold,,,http://www.redfin.com/WA/Bothell/19257-Hollyhills-Dr-NE-98011/home/55553137,NWMLS,1325667,N,Y,47.7671909,-122.1706702
PAST SALE,December-12-2018,Condo/Co-op,9631 NE 183rd St #39,Bothell,WA,98011,831252,4,3.25,Downtown Bothell,2048,,2017,44,406,137,Sold,,,http://www.redfin.com/WA/Bothell/9631-NE-183rd-Ct-98011/unit-39/home/145238420,NWMLS,1264542,N,Y,47.7607062,-122.1962065
PAST SALE,November-29-2018,Single Family Residential,718 222nd St SW,Bothell,WA,98021,538000,4,2.25,Canyon Park,2140,31799,1974,57,251,,Sold,,,http://www.redfin.com/WA/Bothell/718-222nd-St-SW-98021/home/2771130,NWMLS,1346239,N,Y,47.7964749,-122.243318
PAST SALE,December-18-2018,Single Family Residential,21329 2nd Dr SE,Bothell,WA,98021,525000,3,2.25,Canyon Park,1600,8712,1976,38,328,,Sold,,,http://www.redfin.com/WA/Bothell/21329-2nd-Dr-SE-98021/home/2773640,NWMLS,1339436,N,Y,47.8039977,-122.2282392
PAST SALE,November-15-2018,Single Family Residential,2619 242nd St SE,Bothell,WA,98021,685990,3,2.5,Bothell,1770,9583,1986,71,388,,Sold,,,http://www.redfin.com/WA/Bothell/2619-242nd-St-SE-98021/home/2806390,NWMLS,1368704,N,Y,47.7785918,-122.1965937
PAST SALE,December-7-2018,Single Family Residential,23130 12th Dr SE,Bothell,WA,98021,670000,4,3.0,Canyon Park,2571,6098,2004,49,261,,Sold,,,http://www.redfin.com/WA/Bothell/23130-12-Dr-SE-98021/home/2907962,NWMLS,1370941,N,Y,47.7877939,-122.2161151
PAST SALE,October-12-2018,Single Family Residential,18412 11th Dr SE,Bothell,WA,98012,583000,4,2.5,Bothell,2064,4792,2001,105,282,50,Sold,,,http://www.redfin.com/WA/Bothell/18412-11th-Dr-SE-98012/home/2888735,NWMLS,1341407,N,Y,47.8307544,-122.2172871
PAST SALE,October-26-2018,Townhouse,23504 19th Ave SE Unit A,Bothell,WA,98021,445000,2,2.25,Canyon Park,1300,7952,1986,91,342,150,Sold,,,http://www.redfin.com/WA/Bothell/23504-19th-Ave-SE-98021/unit-A/home/147406550,NWMLS,1369278,N,Y,47.7850574,-122.2084156
PAST SALE,November-29-2018,Single Family Residential,4414 235th Place SE #255,Bothell,WA,98021,791000,4,2.75,Bothell,2494,3400,2018,57,317,71,Sold,,,http://www.redfin.com/WA/Bothell/4414-235th-Pl-SE-98021/unit-255/home/145875038,NWMLS,1301206,N,Y,47.7853791,-122.2029648
PAST SALE,November-15-2018,Single Family Residential,4413 235th Place SE #206,Bothell,WA,98021,849950,4,2.5,Canyon Park,2501,3399,2018,71,340,71,Sold,,,http://www.redfin.com/WA/Bothell/4413-235th-Pl-SE-98021/unit-206/home/145874766,NWMLS,1301084,N,Y,47.7853791,-122.2029648
PAST SALE,November-30-2018,Single Family Residential,19719 104th Ave NE,Bothell,WA,98011,699700,4,2.5,Maywood Hills,2560,15600,1956,56,273,,Sold,,,http://www.redfin.com/WA/Bothell/19719-104th-Ave-NE-98011/home/287319,NWMLS,1378454,N,Y,47.7715353,-122.2019964
PAST SALE,October-29-2018,Single Family Residential,11022 NE 197th St,Bothell,WA,98011,663850,5,3.25,Maywood Hills,3260,9216,1993,88,204,34,Sold,,,http://www.redfin.com/WA/Bothell/11022-NE-197th-St-98011/home/286610,NWMLS,1358799,N,Y,47.7719537,-122.1935416
PAST SALE,August-20-2018,Single Family Residential,9710 NE 198th St,Bothell,WA,98011,705000,3,2.0,Maywood Hills,2150,10800,1962,158,328,,Sold,,,http://www.redfin.com/WA/Bothell/9710-NE-198th-St-98011/home/285280,NWMLS,1317828,N,Y,47.7723209,-122.210714
PAST SALE,October-11-2018,Single Family Residential,19714 89th Place NE,Bothell,WA,98011,788500,4,2.5,Bothell,2390,7796,1993,106,330,25,Sold,,,http://www.redfin.com/WA/Bothell/19714-89th-Pl-NE-98011/home/283309,NWMLS,1345095,N,Y,47.7713172,-122.2210304
PAST SALE,December-3-2018,Condo/Co-op,15300 112th Ave NE Unit C205,Bothell,WA,98011,395000,3,1.75,Bothell,1199,,1999,53,329,395,Sold,,,http://www.redfin.com/WA/Bothell/15300-112th-Ave-NE-98011/unit-C205/home/2117230,NWMLS,1363913,N,Y,47.7394231,-122.1907686
PAST SALE,October-10-2018,Single Family Residential,20401 Bothell Way NE,Bothell,WA,98011,316500,3,1.0,Bothell,1080,30721,1918,107,293,,Sold,,,http://www.redfin.com/WA/Bothell/20401-Bothell-Way-NE-98011/home/283963,NWMLS,1351497,N,Y,47.7760877,-122.2172102
PAST SALE,November-20-2018,Condo/Co-op,18715 104th Ave NE #5,Bothell,WA,98011,699999,3,2.75,Downtown Bothell,1796,14455,2018,66,390,210,Sold,,,http://www.redfin.com/WA/Bothell/18715-104th-Ave-NE-98011/unit-5/home/147867431,NWMLS,1380107,N,Y,47.7643423,-122.2015633
PAST SALE,November-30-2018,Townhouse,9632 NE 183rd St Unit B,Bothell,WA,98011,718000,3,2.5,Downtown Bothell,1537,,2018,56,467,257,Sold,,,http://www.redfin.com/WA/Bothell/9632-NE-183rd-St-98011/unit-B/home/147038283,NWMLS,1360760,N,Y,47.7608179,-122.2113193
PAST SALE,December-3-2018,Single Family Residential,10711 Ross Rd Unit A,Bothell,WA,98011,642500,3,2.5,Bothell,2325,71371,2008,53,276,295,Sold,,,http://www.redfin.com/WA/Bothell/10711-Ross-Rd-98011/unit-A/home/40262734,NWMLS,1371950,N,Y,47.7630974,-122.1976434
PAST SALE,August-7-2018,Townhouse,10625 Ross Rd Unit B,Bothell,WA,98011,510000,2,2.5,Bothell,1287,71371,2008,171,396,295,Sold,,,http://www.redfin.com/WA/Bothell/10625-Ross-Rd-98011/unit-B/home/22851226,NWMLS,1324816,N,Y,47.7629295,-122.1984125
PAST SALE,October-11-2018,Single Family Residential,10806 NE 193rd (#8) St,Bothell,WA,98011,1430974,7,3.75,Bothell,4438,11178,2018,106,322,165,Sold,,,http://www.redfin.com/WA/Bothell/10806-NE-193rd-8-St-98011/home/146433992,NWMLS,1337162,N,Y,47.767376,-122.196106
PAST SALE,August-30-2018,Condo/Co-op,9624 NE 183rd St #36,Bothell,WA,98011,849850,4,3.25,Downtown Bothell,2048,,2017,148,415,137,Sold,,,http://www.redfin.com/WA/Bothell/9624-NE-183rd-St-98011/unit-36/home/144340686,NWMLS,1220250,N,Y,47.7608494,-122.2079146
PAST SALE,October-29-2018,Single Family Residential,18728 45th Park SE,Bothell,WA,98012,732166,4,2.25,North Creek,1838,2811,2017,88,398,85,Sold,,,http://www.redfin.com/WA/Bothell/18728-45th-Ave-SE-98012/home/143731859,NWMLS,1191324,N,Y,47.81987,-122.1725265
PAST SALE,September-17-2018,Single Family Residential,18218 28th Dr SE #37,Bothell,WA,98012,590000,3,2.5,Bothell,1881,5000,2002,130,314,,Sold,,,http://www.redfin.com/WA/Bothell/18218-28th-Dr-SE-98012/unit-37/home/2895105,NWMLS,1363762,N,Y,47.8321464,-122.1950271
PAST SALE,November-15-2018,Single Family Residential,3018 183rd Place SE,Bothell,WA,98012,550000,3,2.5,Mill Creek,1592,3049,2011,71,345,55,Sold,,,http://www.redfin.com/WA/Bothell/3018-183rd-Pl-SE-98012/home/39866442,NWMLS,1365725,N,Y,47.8310087,-122.1918031
PAST SALE,August-31-2018,Single Family Residential,4404 186th St SE,Bothell,WA,98012,745000,3,2.5,North Bothell,2233,3049,2016,147,334,89,Sold,,,http://www.redfin.com/WA/Bothell/4404-186th-St-SE-98012/home/103768359,NWMLS,1343388,N,Y,47.8288029,-122.1733397
PAST SALE,December-7-2018,Single Family Residential,4523 187th Place SE Unit B,Bothell,WA,98012,679036,3,3.5,North Creek,2190,2085,2018,49,310,85,Sold,,,http://www.redfin.com/WA/Bothell/4523-187th-Pl-SE-98012/unit-B/home/144960362,NWMLS,1262765,N,Y,47.8277508,-122.1859411
PAST SALE,November-28-2018,Single Family Residential,4523 187th Place SE Unit A,Bothell,WA,98012,679681,3,3.5,North Creek,2190,3031,2017,58,310,85,Sold,,,http://www.redfin.com/WA/Bothell/4523-187th-Pl-SE-98012/unit-A/home/143937387,NWMLS,1200780,N,Y,47.8277508,-122.1859411
PAST SALE,October-26-2018,Single Family Residential,18332 27th Dr SE,Bothell,WA,98012,615500,4,2.5,North Bothell,2328,5000,2003,91,264,59,Sold,,,http://www.redfin.com/WA/Bothell/18332-27th-Dr-SE-98012/unit-45/home/2895230,NWMLS,1334881,N,Y,47.831049,-122.1948282
PAST SALE,August-24-2018,Mobile/Manufactured Home,17225 Woodcrest Dr NE,Bothell,WA,98011,330000,2,2.0,Bothell,1539,7157,1987,154,214,130,Sold,,,http://www.redfin.com/WA/Bothell/17225-Woodcrest-Dr-NE-98011/home/12352593,NWMLS,1306333,N,Y,47.753087,-122.184894
PAST SALE,December-13-2018,Single Family Residential,12129 NE 162nd Place,Bothell,WA,98011,662500,3,2.25,Bothell,2140,7350,1978,43,310,,Sold,,,http://www.redfin.com/WA/Bothell/12129-NE-162nd-Pl-98011/home/453032,NWMLS,1362690,N,Y,47.7451644,-122.1782893
PAST SALE,November-1-2018,Single Family Residential,4307 Lot 10 223RD PL SE,Bothell,WA,98021,809595,3,3.0,Canyon Park,2256,4952,2018,85,359,102,Sold,,,http://www.redfin.com/WA/Bothell/4307-Lot-10-223rd-Pl-SE-98021/home/144675130,NWMLS,1232319,N,Y,47.794756,-122.173075
PAST SALE,October-31-2018,Single Family Residential,23222 44th Dr SE #10,Bothell,WA,98021,806450,4,2.75,Bothell,2494,3387,2018,86,323,64,Sold,,,http://www.redfin.com/WA/Bothell/23222-44th-Dr-SE-98021/unit-10/home/145926444,NWMLS,1303811,N,Y,47.7885592,-122.1739412
PAST SALE,August-31-2018,Single Family Residential,23714 43rd Dr SE #233,Bothell,WA,98021,799950,5,3.25,Bothell,3222,3253,2018,147,248,71,Sold,,,http://www.redfin.com/WA/Bothell/23714-43rd-Dr-SE-98021/unit-233/home/145141510,NWMLS,1259816,N,Y,47.7886835,-122.175177
PAST SALE,August-28-2018,Single Family Residential,9719 NE 204th Place,Bothell,WA,98011,560000,4,2.25,Downtown Bothell,1720,7500,1977,150,326,,Sold,,,http://www.redfin.com/WA/Bothell/9719-NE-204th-Pl-98011/home/286161,NWMLS,1321232,N,Y,47.7759374,-122.2105388
PAST SALE,August-6-2018,Single Family Residential,18419 129th Lane NE,Bothell,WA,98011,770000,3,2.5,Bothell,2130,10460,1981,172,362,,Sold,,,http://www.redfin.com/WA/Bothell/18419-129th-Ln-NE-98011/home/287366,NWMLS,1312996,N,Y,47.761269,-122.1671182
PAST SALE,October-9-2018,Single Family Residential,9920 NE 202nd St,Bothell,WA,98011,535000,4,2.0,Bothell,1340,11141,1948,108,399,,Sold,,,http://www.redfin.com/WA/Bothell/9920-NE-202nd-St-98011/home/285812,NWMLS,1359183,N,Y,47.775343,-122.2077809
PAST SALE,September-19-2018,Condo/Co-op,9627 NE 182nd Place #29,Bothell,WA,98011,767622,4,3.25,Downtown Bothell,2048,,2017,128,375,137,Sold,,,http://www.redfin.com/WA/Bothell/9627-NE-182nd-Pl-98011/unit-29/home/144535613,NWMLS,1227648,N,Y,47.7600826,-122.1678955
PAST SALE,December-17-2018,Single Family Residential,20214 103rd Place NE,Bothell,WA,98011,565000,3,2.25,Bothell,1576,12394,1974,39,359,,Sold,,,http://www.redfin.com/WA/Bothell/20214-103rd-Pl-NE-98011/home/285469,NWMLS,1379514,N,Y,47.7756802,-122.2030091
PAST SALE,October-15-2018,Single Family Residential,909 183rd Place SE,Mill Creek,WA,98012,573000,4,2.5,Bothell,1996,5227,2001,102,287,42,Sold,,,http://www.redfin.com/WA/Mill-Creek/909-183rd-Pl-SE-98012/home/2889643,NWMLS,1362204,N,Y,47.8318789,-122.2194552
PAST SALE,October-3-2018,Single Family Residential,126 214th St SE,Bothell,WA,98021,720000,4,2.5,Canyon Park,2572,8276,1976,114,280,,Sold,,,http://www.redfin.com/WA/Bothell/126-214th-St-SE-98021/home/2773667,NWMLS,1301506,N,Y,47.8032959,-122.229655
PAST SALE,November-16-2018,Condo/Co-op,922 223rd St SE Unit 22-S,Bothell,WA,98021,848165,5,2.75,Canyon Park,3044,3474,2018,70,279,91,Sold,,,http://www.redfin.com/WA/Bothell/922-223rd-Pl-SE-98021/unit-22-S/home/146197586,NWMLS,1324723,N,Y,47.7952612,-122.2236456
PAST SALE,October-9-2018,Condo/Co-op,10831 NE 147th Lane Unit R101,Bothell,WA,98011,320000,2,2.0,Juanita,819,,1982,108,391,327,Sold,,,http://www.redfin.com/WA/Bothell/10831-NE-147th-Ln-98011/unit-R101/home/22686875,NWMLS,1348511,N,Y,47.7345355,-122.1958619
PAST SALE,December-7-2018,Single Family Residential,18716 12th Dr SE,Bothell,WA,98012,667000,4,2.5,Canyon Park,3029,4792,2005,49,220,35,Sold,,,http://www.redfin.com/WA/Bothell/18716-12th-Dr-SE-98012/home/2904005,NWMLS,1382454,N,Y,47.8280564,-122.2160273
PAST SALE,October-12-2018,Single Family Residential,17915 25th Dr SE,Bothell,WA,98012,470000,4,2.25,Mays Pond,1808,7841,1987,105,260,,Sold,,,http://www.redfin.com/WA/Bothell/17915-25th-Dr-SE-98012/home/2809816,NWMLS,1341875,N,Y,47.8351547,-122.1983135
PAST SALE,September-13-2018,Single Family Residential,2719 168th St SE,Bothell,WA,98012,477500,4,2.5,Bothell,1992,7841,1980,134,240,,Sold,,,http://www.redfin.com/WA/Bothell/2719-168th-St-SE-98012/home/2784472,NWMLS,1341672,N,Y,47.8458345,-122.195764
PAST SALE,November-16-2018,Single Family Residential,17307 14th Dr SE,Bothell,WA,98012,508000,3,2.5,Mill Creek,2065,5627,2007,70,246,31,Sold,,,http://www.redfin.com/WA/Bothell/17307-14th-Dr-SE-98012/unit-2/home/11885303,NWMLS,1361968,N,Y,47.8408709,-122.2125977
PAST SALE,November-28-2018,Condo/Co-op,16415 35th Dr SE #28,Bothell,WA,98012,475000,3,2.75,Mill Creek,1795,,2008,58,265,100,Sold,,,http://www.redfin.com/WA/Bothell/16415-35th-Dr-SE-98012/unit-28/home/22938125,NWMLS,1376468,N,Y,47.8485499,-122.1847581
PAST SALE,November-30-2018,Single Family Residential,3609 177th Place SE,Bothell,WA,98012,645000,3,3.0,Bothell,2484,2999,2014,56,260,57,Sold,,,http://www.redfin.com/WA/Bothell/3609-177th-Pl-SE-98012/unit-1015/home/58423094,NWMLS,1356927,N,Y,47.837173,-122.184068
PAST SALE,October-15-2018,Single Family Residential,3305 176th Place SE,Bothell,WA,98012,670000,4,2.5,Mill Creek,2357,3771,2012,102,284,37,Sold,,,http://www.redfin.com/WA/Bothell/3305-176th-Pl-SE-98012/home/44640152,NWMLS,1321945,N,Y,47.8378716,-122.1879942
PAST SALE,December-13-2018,Townhouse,18616 19th Dr SE,Bothell,WA,98012,425000,3,2.5,Bothell,1486,1742,1996,43,286,76,Sold,,,http://www.redfin.com/WA/Bothell/18616-19th-Dr-SE-98012/home/2843342,NWMLS,1360972,N,Y,47.828217,-122.207323
PAST SALE,December-11-2018,Single Family Residential,3221 175th St SE,Bothell,WA,98012,755000,5,2.5,Mill Creek,2981,6534,2001,45,253,,Sold,,,http://www.redfin.com/WA/Bothell/3221-175th-St-SE-98012/home/2869614,NWMLS,1378533,N,Y,47.8397907,-122.1890354
PAST SALE,December-21-2018,Single Family Residential,2332 168th St SE,Bothell,WA,98021,825000,5,3.0,Mill Creek,3477,22216,2011,35,237,,Sold,,,http://www.redfin.com/WA/Bothell/2332-168th-St-SE-98012/home/40099008,NWMLS,1317955,N,Y,47.8449875,-122.2004959
PAST SALE,October-24-2018,Mobile/Manufactured Home,23925 7th Place W,Bothell,WA,98021,430000,3,2.5,Wandering Creek,1620,5663,1988,93,265,119,Sold,,,http://www.redfin.com/WA/Bothell/23925-7th-Pl-W-98021/home/2798557,NWMLS,1362174,N,Y,47.7808537,-122.2427169
PAST SALE,August-15-2018,Condo/Co-op,20330 Bothell Everett Hwy Unit C302,Bothell,WA,98012,265000,2,1.0,North Creek,860,,1986,163,308,357,Sold,,,http://www.redfin.com/WA/Bothell/20330-Bothell-Everett-Hwy-98012/unit-C302/home/2902750,NWMLS,1310108,N,Y,47.8134649,-122.2106829
PAST SALE,October-19-2018,Single Family Residential,9005 NE 178th St,Bothell,WA,98011,583950,4,1.75,Bothell,2310,10439,1960,98,253,,Sold,,,http://www.redfin.com/WA/Bothell/9005-NE-178th-St-98011/home/287077,NWMLS,1351522,N,Y,47.7563707,-122.2206697
PAST SALE,December-5-2018,Single Family Residential,9315 NE 175th St,Bothell,WA,98011,685000,5,2.75,West Hill,2220,11865,1962,51,309,,Sold,,,http://www.redfin.com/WA/Bothell/9315-NE-175th-St-98011/home/286125,NWMLS,1312710,N,Y,47.754962,-122.216251
PAST SALE,August-22-2018,Vacant Land,9207 Odin Wy,Bothell,WA,98011,370000,0,,Valhalla,,11959,,156,,,Sold,,,http://www.redfin.com/WA/Bothell/9207-Odin-Way-98011/home/22394918,NWMLS,1244753,N,Y,47.7470812,-122.2176271
PAST SALE,November-13-2018,Single Family Residential,10024 NE 162nd (Homesite 61) St,Bothell,WA,98011,1276364,5,4.0,Moorlands,4171,9125,2018,73,306,77,Sold,,,http://www.redfin.com/WA/Bothell/10024-NE-162nd-St-98011/home/109661397,NWMLS,1386189,N,Y,47.7457418,-122.2067522
PAST SALE,October-22-2018,Single Family Residential,10016 NE 162nd(Homesite 59) St,Bothell,WA,98011,1351875,4,3.25,Bothell,4312,9610,2018,95,314,26,Sold,,,http://www.redfin.com/WA/Bothell/10016-NE-162nd-St-98011/home/109660983,NWMLS,1166499,N,Y,47.7453295,-122.2068206
PAST SALE,August-15-2018,Single Family Residential,8810 NE 177th St Lot 02,Bothell,WA,98011,1002250,5,2.75,Kenmore,3014,6329,2018,163,333,50,Sold,,,http://www.redfin.com/WA/Bothell/8810-NE-177th-Pl-98011/unit-02/home/146003466,NWMLS,1302473,N,Y,47.756495,-122.223248
PAST SALE,November-28-2018,Single Family Residential,17144 NE 94th (Homesite 28) Place NE,Bothell,WA,98011,1331516,6,3.75,Bothell,4224,6910,2019,58,315,111,Sold,,,http://www.redfin.com/WA/Bothell/17144-NE-94th-Homesite-28-Pl-NE-98011/home/145115760,NWMLS,1256323,N,Y,47.752731,-122.215576
PAST SALE,July-31-2018,Condo/Co-op,15300 112th Ave NE Unit A203,Bothell,WA,98011,280000,1,1.0,Bothell,744,,1999,178,376,270,Sold,,,http://www.redfin.com/WA/Bothell/15300-112th-Ave-NE-98011/unit-205/home/17950537,NWMLS,1293166,N,Y,47.7399328,-122.1897858
PAST SALE,September-25-2018,Single Family Residential,3106 178th St SE,Bothell,WA,98012,770000,4,2.75,Bothell,2829,10019,2001,122,272,25,Sold,,,http://www.redfin.com/WA/Bothell/3106-178th-St-SE-98012/home/2882676,NWMLS,1320311,N,Y,47.8359182,-122.1908022
PAST SALE,October-12-2018,Single Family Residential,17323 18th Ave SE,Bothell,WA,98012,505000,3,2.25,Mays Pond,1666,6970,1988,105,303,,Sold,,,http://www.redfin.com/WA/Bothell/17323-18th-Ave-SE-98012/home/2806735,NWMLS,1310171,N,Y,47.8399906,-122.2075587
PAST SALE,September-13-2018,Single Family Residential,17607 26th Dr SE,Bothell,WA,98012,485000,4,2.5,Bothell,2012,8276,1979,134,241,,Sold,,,http://www.redfin.com/WA/Bothell/17607-26th-Dr-SE-98012/home/2784928,NWMLS,1327158,N,Y,47.8378117,-122.1975114
PAST SALE,October-31-2018,Single Family Residential,16706 22nd Ave SE,Bothell,WA,98012,540000,4,2.5,Mays Pond,2750,15682,1979,86,196,,Sold,,,http://www.redfin.com/WA/Bothell/16706-22nd-Ave-SE-98012/home/2779732,NWMLS,1347119,N,Y,47.8464642,-122.2036282
PAST SALE,December-7-2018,Single Family Residential,2600 168th St SE,Bothell,WA,98012,440000,3,2.5,Mays Pond,1712,8712,1977,49,257,,Sold,,,http://www.redfin.com/WA/Bothell/2600-168th-St-SE-98012/home/2775382,NWMLS,1335927,N,Y,47.8454184,-122.1979153
PAST SALE,September-13-2018,Single Family Residential,2008 173rd St SE,Bothell,WA,98012,450000,3,2.25,Mays Pond,1636,7405,1977,134,275,26,Sold,,,http://www.redfin.com/WA/Bothell/2008-173rd-St-SE-98012/home/2774616,NWMLS,1334862,N,Y,47.8403594,-122.2054221
PAST SALE,September-5-2018,Single Family Residential,17501 Woodland Dr SE,Bothell,WA,98012,599900,4,2.75,Mays Pond,1624,7405,1977,142,369,,Sold,,,http://www.redfin.com/WA/Bothell/17501-Woodland-Dr-98012/home/2773941,NWMLS,1338769,N,Y,47.8390753,-122.2033503
PAST SALE,October-5-2018,Single Family Residential,17303 42nd Dr SE,Bothell,WA,98012,699000,4,2.5,North Creek,2501,4356,2015,112,279,37,Sold,,,http://www.redfin.com/WA/Bothell/17303-42nd-Dr-SE-98012/home/109592895,NWMLS,1341193,N,Y,47.8407062,-122.1755876
PAST SALE,September-19-2018,Single Family Residential,17005 40th Dr SE,Bothell,WA,98012,750000,4,2.5,North Creek,2583,3485,2014,128,290,49,Sold,,,http://www.redfin.com/WA/Bothell/17005-40th-Dr-SE-98012/home/55093261,NWMLS,1339236,N,Y,47.8433177,-122.1771861
PAST SALE,October-22-2018,Single Family Residential,11136 NE 160th Place,Bothell,WA,98011,980000,4,2.25,Bothell,3210,15876,1993,95,305,,Sold,,,http://www.redfin.com/WA/Bothell/11136-NE-160th-Pl-98011/home/284062,NWMLS,1367997,N,Y,47.7446059,-122.1929391
PAST SALE,August-16-2018,Single Family Residential,18616 45th Dr SE,Bothell,WA,98012,932830,5,3.0,North Creek,2841,4189,2017,162,328,85,Sold,,,http://www.redfin.com/WA/Bothell/18616-45th-Dr-SE-98012/home/144398026,NWMLS,1222531,N,Y,47.8161589,-122.1713449
PAST SALE,December-7-2018,Single Family Residential,15309 102nd Ave NE,Bothell,WA,98011,775000,4,2.5,Bridlewood,2040,9600,1991,49,380,,Sold,,,http://www.redfin.com/WA/Bothell/15309-102nd-Ave-NE-98011/home/284327,NWMLS,1353225,N,Y,47.7393876,-122.2046637
PAST SALE,August-30-2018,Condo/Co-op,2201 192nd St SE Unit W101,Bothell,WA,98012,381555,3,1.75,Bothell,1334,,2000,148,286,419,Sold,,,http://www.redfin.com/WA/Bothell/2201-192nd-St-SE-98012/unit-W101/home/2866598,NWMLS,1341746,N,Y,47.8253977,-122.20303
PAST SALE,September-10-2018,Single Family Residential,16628 41st Ave SE,Bothell,WA,98012,709000,4,2.5,Mill Creek,2679,5227,2006,137,265,,Sold,,,http://www.redfin.com/WA/Bothell/16628-41st-Ave-SE-98012/home/11880344,NWMLS,1339371,N,Y,47.8464327,-122.1780767
PAST SALE,August-20-2018,Single Family Residential,17814 41st Dr SE Unit PND 9,Bothell,WA,98012,655880,3,2.5,Bothell,1856,3200,2018,158,353,96,Sold,,,http://www.redfin.com/WA/Bothell/17814-41st-Dr-SE-98012/unit-PND-9/home/145543234,NWMLS,1283086,N,Y,47.8354037,-122.1772804
PAST SALE,September-25-2018,Condo/Co-op,3423 164th Place SE,Bothell,WA,98012,440000,3,2.5,Bothell,1682,2109,2012,122,262,100,Sold,,,http://www.redfin.com/WA/Bothell/3423-164th-Pl-SE-98012/unit-6/home/45390309,NWMLS,1346923,N,Y,47.84853,-122.186173
PAST SALE,August-17-2018,Single Family Residential,18206 42nd Dr SE,Bothell,WA,98012,730000,6,3.5,North Creek,3296,3920,2014,161,221,37,Sold,,,http://www.redfin.com/WA/Bothell/18206-42nd-Dr-SE-98012/home/69351849,NWMLS,1314071,N,Y,47.8325724,-122.176385
PAST SALE,October-30-2018,Single Family Residential,20715 14th Dr SE,Bothell,WA,98012,440000,4,2.5,Thrashers Corner,1472,10454,1978,87,299,,Sold,,,http://www.redfin.com/WA/Bothell/20715-14th-Dr-SE-98012/home/2784863,NWMLS,1361650,N,Y,47.8098364,-122.2131812
PAST SALE,November-6-2018,Single Family Residential,3411 164th Place SE,Bothell,WA,98012,469000,3,2.5,Mill Creek,1682,2099,2012,80,279,100,Sold,,,http://www.redfin.com/WA/Mill-Creek/3411-164th-Pl-SE-98012/home/40431564,NWMLS,1359368,N,Y,47.8480773,-122.1859188
PAST SALE,November-14-2018,Single Family Residential,18609 45th Dr SE,Bothell,WA,98012,592892,2,2.5,North Creek,1396,2389,2018,72,425,85,Sold,,,http://www.redfin.com/WA/Bothell/18609-45th-Dr-SE-98012/home/145204429,NWMLS,1262727,N,Y,47.8161589,-122.1713449
PAST SALE,December-7-2018,Single Family Residential,4524 186th Place SE Unit B,Bothell,WA,98012,756951,3,3.5,North Creek,2190,2786,2017,49,346,85,Sold,,,http://www.redfin.com/WA/Bothell/4524-186th-Pl-SE-98012/unit-B/home/143185072,NWMLS,1176270,N,Y,47.8283509,-122.1724901
PAST SALE,December-21-2018,Single Family Residential,3348 218 St SE #23,Bothell,WA,98021,1345803,4,4.0,Canyon Park,3777,8729,2018,35,356,90,Sold,,,http://www.redfin.com/WA/Bothell/3348-218th-St-SE-98021/unit-23/home/144929481,NWMLS,1249852,N,Y,47.7998204,-122.1878464
PAST SALE,September-6-2018,Condo/Co-op,17204 123rd Place NE Unit N201,Bothell,WA,98011,379990,2,1.75,Bothell,987,,1995,141,385,312,Sold,,,http://www.redfin.com/WA/Bothell/17204-123rd-Pl-NE-98011/unit-201/home/59782,NWMLS,1339775,N,Y,47.7529564,-122.1758127
PAST SALE,November-21-2018,Single Family Residential,16408 35th Dr SE,Bothell,WA,98012,450000,3,2.75,Mill Creek,1606,1880,2008,65,280,100,Sold,,,http://www.redfin.com/WA/Bothell/16408-35th-Dr-SE-98012/home/21499793,NWMLS,1377060,N,Y,47.848716,-122.185055
PAST SALE,December-19-2018,Condo/Co-op,9515 NE 180th St Unit C206,Bothell,WA,98011,294000,2,1.0,Bothell,885,105800,1979,37,332,402,Sold,,,http://www.redfin.com/WA/Bothell/9515-NE-180th-St-98011/unit-C206/home/5982,NWMLS,1382614,N,Y,47.7573885,-122.2130107
PAST SALE,November-9-2018,Multi-Family (2-4 Unit),11031 Woodinville Dr,Bothell,WA,98011,1110000,8,4.0,Bothell,3472,9006,1988,77,320,,Sold,,,http://www.redfin.com/WA/Bothell/11031-Woodinville-Dr-98011/home/2072068,NWMLS,1375735,N,Y,47.7547897,-122.1924643
PAST SALE,August-31-2018,Condo/Co-op,9717 NE 182nd Place #32,Bothell,WA,98011,787154,4,3.5,Downtown Bothell,2048,,2017,147,384,137,Sold,,,http://www.redfin.com/WA/Bothell/9717-NE-182nd-Pl-98011/unit-32/home/144535781,NWMLS,1227663,N,Y,47.7600826,-122.1678955
PAST SALE,November-21-2018,Single Family Residential,10710 Sunrise Dr,Bothell,WA,98011,643750,4,2.75,Bothell,2700,11633,1960,65,238,,Sold,,,http://www.redfin.com/WA/Bothell/10710-Sunrise-Dr-98011/home/285550,NWMLS,1336534,N,Y,47.7604048,-122.197267
PAST SALE,December-21-2018,Single Family Residential,3318 238th Place SE,Bothell,WA,98021,920000,4,2.5,North Creek,2779,6419,2018,35,331,154,Sold,,,http://www.redfin.com/WA/Bothell/3318-238th-Pl-SE-98021/home/145876825,NWMLS,1301377,N,Y,47.781892,-122.187474
PAST SALE,November-30-2018,Single Family Residential,4405 235th Place SE #208,Bothell,WA,98021,799950,4,2.5,Bothell,2190,3400,2018,56,365,,Sold,,,http://www.redfin.com/WA/Bothell/4405-235th-Pl-SE-98021/unit-208/home/145536844,NWMLS,1282443,N,Y,47.7853791,-122.2029648
PAST SALE,December-14-2018,Single Family Residential,18621 45th Dr SE,Bothell,WA,98012,788345,4,3.5,North Creek,2600,2583,2018,42,303,88,Sold,,,http://www.redfin.com/WA/Bothell/18621-45th-Dr-SE-98012/home/144795987,NWMLS,1240203,N,Y,47.8161589,-122.1713449
PAST SALE,October-25-2018,Single Family Residential,18720 45th. Dr SE,Bothell,WA,98012,717191,4,2.5,North Creek,1876,3050,2018,92,382,85,Sold,,,http://www.redfin.com/WA/Bothell/18720-45th-Dr-SE-98012/home/143937390,NWMLS,1200782,N,Y,47.8161589,-122.1713449
PAST SALE,July-31-2018,Single Family Residential,17719 7th Ave W,Bothell,WA,98012,725000,3,2.0,Bothell,2048,25265,1977,178,354,,Sold,,,http://www.redfin.com/WA/Bothell/17719-7th-Ave-W-98012/home/2773853,NWMLS,1293432,N,Y,47.8372513,-122.2421873
PAST SALE,November-28-2018,Single Family Residential,213 178th St SE #7,Bothell,WA,98012,690000,5,3.5,Mill Creek,3222,3822,2018,58,214,128,Sold,,,http://www.redfin.com/WA/Unknown/213-178th-St-SE-98012/unit-7/home/145939072,NWMLS,1304254,N,Y,47.836535,-122.229716
PAST SALE,November-7-2018,Single Family Residential,122 167th Place SW,Mill Creek,WA,98012,505000,3,2.5,Mill Creek,1585,3920,2001,79,319,,Sold,,,http://www.redfin.com/WA/Mill-Creek/122-167th-Pl-SW-98012/home/2889800,NWMLS,1371597,N,Y,47.846729,-122.234844
PAST SALE,August-29-2018,Single Family Residential,17510 Gravenstein Rd,Bothell,WA,98012,660000,4,2.5,Martha Lake,2652,11761,1992,149,249,,Sold,,,http://www.redfin.com/WA/Bothell/17510-Gravenstein-Rd-98012/home/2829774,NWMLS,1331642,N,Y,47.8395017,-122.2352893
PAST SALE,October-9-2018,Townhouse,15 164th St SW Unit G-3,Bothell,WA,98012,423000,3,2.25,Mill Creek,1546,,2006,108,274,280,Sold,,,http://www.redfin.com/WA/Bothell/15-164th-St-SW-98012/unit-G3/home/12105077,NWMLS,1334703,N,Y,47.8496584,-122.2333042
PAST SALE,October-9-2018,Single Family Residential,16225 1st Place W #16,Bothell,WA,98012,485000,4,2.5,Martha Lake,2092,6147,2006,108,232,80,Sold,,,http://www.redfin.com/WA/Bothell/16225-1st-Pl-W-98012/unit-16/home/11882598,NWMLS,1348014,N,Y,47.8503834,-122.2347144
PAST SALE,August-28-2018,Single Family Residential,16229 2nd Ave SE,Bothell,WA,98012,565000,3,2.5,Mill Creek,1903,3387,2011,150,297,55,Sold,,,http://www.redfin.com/WA/Bothell/16229-2nd-Ave-SE-98012/unit-39/home/28558104,NWMLS,1332645,N,Y,47.850373,-122.228616
PAST SALE,November-14-2018,Single Family Residential,16907 1st Ave W,Bothell,WA,98012,688500,4,2.5,Martha Lake,2668,3920,2016,72,258,,Sold,,,http://www.redfin.com/WA/Bothell/16907-1st-Ave-W-98012/home/109415240,NWMLS,1386812,N,Y,47.844822,-122.233995
PAST SALE,November-26-2018,Single Family Residential,115 159th St SE,Bothell,WA,98012,590000,4,2.5,Martha Lake,2501,5559,2016,60,236,50,Sold,,,http://www.redfin.com/WA/Bothell/115-159th-St-SE-98012/unit-1/home/108293846,NWMLS,1356056,N,Y,47.8543549,-122.232914
PAST SALE,September-12-2018,Single Family Residential,16925 1st Ave W,Bothell,WA,98012,690000,3,2.5,Martha Lake,2135,3920,2016,135,323,85,Sold,,,http://www.redfin.com/WA/Bothell/16925-1st-Ave-W-98012/home/112744681,NWMLS,1338295,N,Y,47.8446099,-122.2340633
PAST SALE,October-22-2018,Townhouse,221 164th Place SE,Bothell,WA,98012,378000,2,2.25,Mill Creek,1349,1742,2009,95,280,153,Sold,,,http://www.redfin.com/WA/Bothell/221-164th-Pl-SE-98012/home/39951827,NWMLS,1332104,N,Y,47.849017,-122.228977
PAST SALE,December-20-2018,Condo/Co-op,3905 243rd Place SE Unit M-101,Bothell,WA,98021,235000,1,1.0,Bothell,739,701709,1997,36,318,318,Sold,,,http://www.redfin.com/WA/Bothell/3905-243rd-Pl-SE-98021/unit-M101/home/12334378,NWMLS,1381668,N,Y,47.7771979,-122.1774966
PAST SALE,November-27-2018,Single Family Residential,111 178th St SE #1,Bothell,WA,98012,690000,5,3.5,Bothell,3222,4425,2018,59,214,,Sold,,,http://www.redfin.com/WA/Unknown/111-178th-St-SE-98012/unit-1/home/145134970,NWMLS,1259138,N,Y,47.836636,-122.229169
PAST SALE,October-26-2018,Single Family Residential,612 Grimes Rd,Bothell,WA,98012,555000,4,2.5,Bothell,2330,7841,1997,91,238,,Sold,,,http://www.redfin.com/WA/Bothell/612-Grimes-Rd-98012/home/2856122,NWMLS,1334249,N,Y,47.8149985,-122.2232879
PAST SALE,November-8-2018,Single Family Residential,20210 10th Ave SE,Bothell,WA,98012,500000,3,2.5,Thrashers Corner,1642,6098,1997,78,305,,Sold,,,http://www.redfin.com/WA/Bothell/20210-10th-Ave-SE-98012/home/2850010,NWMLS,1372891,N,Y,47.8145508,-122.2193744
PAST SALE,September-28-2018,Single Family Residential,20619 13th Dr SE,Bothell,WA,98012,435000,4,2.75,Thrashers Corner,1958,7405,1973,119,222,,Sold,,,http://www.redfin.com/WA/Bothell/20619-13th-Dr-SE-98012/home/2751911,NWMLS,1356643,N,Y,47.8106303,-122.214484
PAST SALE,September-4-2018,Single Family Residential,119 Winesap Rd,Bothell,WA,98012,468950,3,2.0,Bothell,1504,13504,1967,143,312,,Sold,,,http://www.redfin.com/WA/Bothell/119-Winesap-Rd-98012/home/2712034,NWMLS,1333669,N,Y,47.8248969,-122.2306218
PAST SALE,November-15-2018,Single Family Residential,18111 3rd Dr SE Unit GP 32,Bothell,WA,98012,827277,0,,North Creek,3540,3913,2017,71,234,20,Sold,,,http://www.redfin.com/WA/Bothell/18111-3rd-Dr-SE-98012/unit-GP-32/home/146254512,NWMLS,1329640,N,Y,47.8334449,-122.2268991
PAST SALE,September-28-2018,Single Family Residential,1402 192nd Place SE #9,Bothell,WA,98012,704995,5,3.25,Bothell,2738,2928,2018,119,257,125,Sold,,,http://www.redfin.com/WA/Bothell/1402-192nd-St-SE-98012/unit-9/home/146243097,NWMLS,1328959,N,Y,47.8239537,-122.215823
PAST SALE,August-22-2018,Single Family Residential,212 178th St SW #11,Bothell,WA,98012,787450,5,3.0,Bothell,2825,4583,2018,156,279,,Sold,,,http://www.redfin.com/WA/Bothell/212-178th-St-SW-98012/unit-11/home/145134655,NWMLS,1259157,N,Y,47.837108,-122.2369999
PAST SALE,December-21-2018,Single Family Residential,18023 3rd Dr SE Unit GP 39,Bothell,WA,98012,740801,4,3.25,North Creek,2750,4025,2018,35,269,20,Sold,,,http://www.redfin.com/WA/Bothell/18023-3rd-Dr-SE-98012/unit-GP-39/home/143836260,NWMLS,1195061,N,Y,47.8342864,-122.2271303
PAST SALE,December-22-2018,Single Family Residential,18615 46th Ave SE,Bothell,WA,98012,742932,4,3.5,North Creek,2291,3517,2018,34,324,88,Sold,,,http://www.redfin.com/WA/Bothell/18615-46th-Ave-SE-98012/home/145204597,NWMLS,1262784,N,Y,47.8585207,-122.1725709
PAST SALE,December-21-2018,Single Family Residential,3608 158th Place SE,Bothell,WA,98012,670000,4,2.5,Mill Creek,2808,4356,2006,35,239,50,Sold,,,http://www.redfin.com/WA/Bothell/3608-158th-Pl-SE-98012/home/22959282,NWMLS,1358719,N,Y,47.853675,-122.184356
PAST SALE,October-30-2018,Condo/Co-op,9611 NE 182nd Place Unit 24B,Bothell,WA,98011,785196,4,3.25,Downtown Bothell,2048,,2018,87,383,137,Sold,,,http://www.redfin.com/WA/Bothell/9611-NE-182nd-Pl-98011/unit-24B/home/144824037,NWMLS,1241857,N,Y,47.7600826,-122.1678955
PAST SALE,December-21-2018,Condo/Co-op,926 223rd St SE Unit 21-S,Bothell,WA,98021,745510,4,3.25,Canyon Park,2518,,2018,35,296,91,Sold,,,http://www.redfin.com/WA/Bothell/926-223rd-St-SE-98021/unit-21-S/home/146731328,NWMLS,1347400,N,Y,47.795864,-122.219052
PAST SALE,December-20-2018,Single Family Residential,9327 Valhalla Wy,Bothell,WA,98011,721100,3,2.75,Valhalla,3380,10668,1980,36,213,38,Sold,,,http://www.redfin.com/WA/Bothell/9327-Valhalla-Way-98011/home/284874,NWMLS,1321933,N,Y,47.7470506,-122.2159216
PAST SALE,December-21-2018,Single Family Residential,7 236th Place SE #12,Bothell,WA,98021,974995,5,3.25,Bothell,3375,9600,2018,35,289,115,Sold,,,http://www.redfin.com/WA/Bothell/7-236th-Pl-SW-98021/unit-12/home/145593419,NWMLS,1279910,N,Y,47.7839164,-122.2332721
PAST SALE,December-7-2018,Single Family Residential,21621 9th Ave W,Bothell,WA,98021,480000,3,1.5,Queensborough,2436,7405,1977,49,197,,Sold,,,http://www.redfin.com/WA/Bothell/21621-9th-Ave-W-98021/home/2776055,NWMLS,1331050,N,Y,47.8017633,-122.2454857
PAST SALE,November-21-2018,Single Family Residential,9 193rd Place SE,Bothell,WA,98012,670000,5,2.75,Bothell,2205,3899,2016,65,304,45,Sold,,,http://www.redfin.com/WA/Bothell/9-193rd-Pl-SE-98012/unit-19/home/109593166,NWMLS,1357485,N,Y,47.822681,-122.232402
PAST SALE,December-11-2018,Single Family Residential,17810 38th Dr SE #6,Bothell,WA,98012,643000,3,2.5,Bothell,2085,3200,2016,45,308,65,Sold,,,http://www.redfin.com/WA/Bothell/17810-38th-Dr-SE-98012/unit-6/home/102539696,NWMLS,1384765,N,Y,47.836059,-122.180888
PAST SALE,August-24-2018,Vacant Land,4720 208th St SE,Bothell,WA,98021,300000,0,,Canyon Park,,46609,,154,,,Sold,,,http://www.redfin.com/WA/Bothell/4720-208th-St-SE-98021/home/2566210,NWMLS,1319084,N,Y,47.808424,-122.1691401
PAST SALE,December-11-2018,Single Family Residential,16603 42nd Ave SE,Bothell,WA,98012,520000,3,2.25,Bothell,1520,6534,2009,45,342,35,Sold,,,http://www.redfin.com/WA/Bothell/16603-42nd-Ave-SE-98012/home/28640702,NWMLS,1381554,N,Y,47.8469355,-122.1763332
PAST SALE,August-16-2018,Single Family Residential,18725 45th Park SE,Bothell,WA,98012,784846,5,2.75,North Creek,2186,3100,2017,162,359,85,Sold,,,http://www.redfin.com/WA/Bothell/18725-45th-Ave-SE-98012/home/143185776,NWMLS,1176305,N,Y,47.828913,-122.172253
PAST SALE,December-11-2018,Single Family Residential,17118 39th Dr SE,Bothell,WA,98012,1016000,4,4.75,North Creek,3896,6082,2018,45,261,,Sold,,,http://www.redfin.com/WA/Bothell/17118-39th-Dr-SE-98012/home/147429302,NWMLS,1371734,N,Y,47.842245,-122.1798255
PAST SALE,December-19-2018,Single Family Residential,4427 147th Place SE,Bothell,WA,98012,612500,3,2.5,Seattle Hill,2631,4356,2004,37,233,33,Sold,,,http://www.redfin.com/WA/Bothell/4427-147th-Pl-SE-98012/home/2908569,NWMLS,1363049,N,Y,47.864224,-122.1721644
PAST SALE,December-24-2018,Mobile/Manufactured Home,20524 32nd Dr SE,Bothell,WA,98012,299950,3,2.0,Thrashers Corner,1538,8276,2004,32,195,170,Sold,,,http://www.redfin.com/WA/Bothell/20524-32nd-Dr-SE-98012/home/2660856,NWMLS,1387885,N,Y,47.8111076,-122.1896679
PAST SALE,December-26-2018,Single Family Residential,4404 181st St SE,Bothell,WA,98012,680000,4,2.5,North Creek,2353,4116,2017,30,289,49,Sold,,,http://www.redfin.com/WA/Bothell/4404-181st-St-SE-98012/home/112939919,NWMLS,1357521,N,Y,47.8336327,-122.1735235
PAST SALE,September-24-2018,Condo/Co-op,16125 Juanita Woodinville Wy NE #602,Bothell,WA,98011,258250,1,1.0,Bothell,667,,1999,123,387,181,Sold,,,http://www.redfin.com/WA/Bothell/16125-Juanita-Woodinville-Way-NE-98011/unit-602/home/60103,NWMLS,1354467,N,Y,47.7461684,-122.1851573
PAST SALE,November-21-2018,Single Family Residential,9911 NE 158th (Homesite 81) St,Bothell,WA,98011,1825977,5,3.25,Bothell,4930,10436,2017,65,370,,Sold,,,http://www.redfin.com/WA/Bothell/9911-NE-158th-St-98011/home/101611808,NWMLS,1039945,N,Y,47.7423578,-122.2088678
PAST SALE,October-29-2018,Single Family Residential,3500 Seattle Hill Rd Unit B,Mill Creek,WA,98012,395000,2,2.5,Mill Creek,1510,4192,1998,88,262,50,Sold,,,http://www.redfin.com/WA/Mill-Creek/3500-Seattle-Hill-Rd-98012/unit-B/home/2910139,NWMLS,1353581,N,Y,47.860131,-122.185496
PAST SALE,September-26-2018,Single Family Residential,24021 21st Ave W,Bothell,WA,98021,759000,4,2.5,Bothell,2558,10019,2006,121,297,42,Sold,,,http://www.redfin.com/WA/Bothell/24021-21st-Ave-W-98021/home/11881233,NWMLS,1339340,N,Y,47.780178,-122.261171
PAST SALE,September-27-2018,Single Family Residential,17 242nd ( #16) St SE,Bothell,WA,98021,1249900,5,3.25,Canyon Park,4110,9600,2018,120,304,92,Sold,,,http://www.redfin.com/WA/Bothell/16-242nd-St-SE-98021/home/144385537,NWMLS,1221706,N,Y,47.7785556,-122.232218
PAST SALE,December-14-2018,Single Family Residential,21716 4th Ave W,Bothell,WA,98021,476950,4,1.75,Bothell,2088,8712,1979,42,228,,Sold,,,http://www.redfin.com/WA/Bothell/21716-4th-Ave-W-98021/home/2743766,NWMLS,1384931,N,Y,47.800882,-122.2387165
PAST SALE,September-12-2018,Single Family Residential,3518 200th St SE,Bothell,WA,98012,530000,4,2.5,North Creek,1960,9000,1988,135,270,,Sold,,,http://www.redfin.com/WA/Bothell/3518-200th-St-SE-98012/home/145751235,NWMLS,1331280,N,Y,47.816211,-122.1919312
PAST SALE,December-19-2018,Single Family Residential,29 242nd (#19) St SE,Bothell,WA,98021,1194990,5,3.25,Canyon Park,3978,10161,2018,37,300,92,Sold,,,http://www.redfin.com/WA/Bothell/19-242nd-St-SE-98021/home/145859630,NWMLS,1299986,N,Y,47.7789178,-122.232266
PAST SALE,October-5-2018,Single Family Residential,2313 242nd Place SW,Bothell,WA,98021,971000,5,2.75,Bothell,3326,7915,2015,112,292,,Sold,,,http://www.redfin.com/WA/Bothell/2313-242nd-Pl-SW-98021/home/57450765,NWMLS,1324924,N,Y,47.7789081,-122.2643934
PAST SALE,December-21-2018,Single Family Residential,13 236th Place SE #13,Bothell,WA,98021,1025000,5,3.25,Bothell,3376,9645,2018,35,304,115,Sold,,,http://www.redfin.com/WA/Bothell/13-236th-Pl-SW-98021/unit-13/home/145593941,NWMLS,1289414,N,Y,47.783918,-122.2334969
PAST SALE,December-28-2018,Townhouse,626 238th (Lot #95) Place SE Unit B,Bothell,WA,98012,610802,3,3.0,Canyon Park,1801,1000,2018,28,339,150,Sold,,,http://www.redfin.com/WA/Bothell/626-238th-Pl-SE-98021/unit-B/home/146470053,NWMLS,1381924,N,Y,47.7806035,-122.2256662
PAST SALE,January-2-2019,Mobile/Manufactured Home,1121 244th St SW #24,Bothell,WA,98021,109100,2,2.0,Bothell,1234,,1978,23,88,,Sold,,,http://www.redfin.com/WA/Bothell/1121-244th-St-SW-98021/unit-24/home/2875843,NWMLS,1372335,N,Y,47.7791406,-122.2483024
PAST SALE,January-22-2019,Single Family Residential,21833 8th Place W,Bothell,WA,98021,636500,4,2.75,Bothell,2992,7405,1984,3,213,,Sold,,,http://www.redfin.com/WA/Bothell/21833-8th-Pl-W-98021/home/2785175,NWMLS,1363010,N,Y,47.7996142,-122.2443974
PAST SALE,October-24-2018,Single Family Residential,15217 103rd Ave NE,Bothell,WA,98011,880000,3,2.5,Bridlewood,2556,9600,1991,93,344,19,Sold,,,http://www.redfin.com/WA/Bothell/15217-103rd-Ave-NE-98011/home/284737,NWMLS,1355495,N,Y,47.7393778,-122.2034639
PAST SALE,December-21-2018,Condo/Co-op,9632 NE 183rd St Unit C,Bothell,WA,98011,758000,3,2.5,Downtown Bothell,1537,,2018,35,493,257,Sold,,,http://www.redfin.com/WA/Bothell/9632-NE-183rd-St-98011/unit-C/home/147982726,NWMLS,1382398,N,Y,47.7608181,-122.2113793
PAST SALE,January-3-2019,Single Family Residential,9227 NE 173rd (Homesite 2) St,Bothell,WA,98011,1330000,4,3.75,Bothell,3507,9649,2019,22,379,,Sold,,,http://www.redfin.com/WA/Bothell/9227-NE-173rd-Homesite-2-St-98011/home/145105844,NWMLS,1255885,N,Y,47.753128,-122.217623
PAST SALE,January-9-2019,Single Family Residential,9309 NE 191st St,Bothell,WA,98011,490000,3,2.0,West Hill,1910,14682,1941,16,257,,Sold,,,http://www.redfin.com/WA/Bothell/9309-NE-191st-St-98011/home/285876,NWMLS,1386116,N,Y,47.7662287,-122.2157753
PAST SALE,November-30-2018,Single Family Residential,10310 NE 194th St,Bothell,WA,98011,1150000,5,2.5,Downtown Bothell,4090,8450,2007,56,281,84,Sold,,,http://www.redfin.com/WA/Bothell/10310-NE-194th-St-98011/home/12303040,NWMLS,1330685,N,Y,47.7689739,-122.2029133
PAST SALE,January-9-2019,Single Family Residential,8413 NE 203rd Place #16,Bothell,WA,98011,901330,5,2.75,Bothell,3008,4572,2018,16,300,110,Sold,,,http://www.redfin.com/WA/Bothell/8413-NE-203rd-Pl-98011/unit-16/home/147074852,NWMLS,1362305,N,Y,47.7753234,-122.2231432
PAST SALE,January-14-2019,Single Family Residential,23304 20th Ave SE,Bothell,WA,98021,600000,3,2.5,Canyon Park,1670,7841,1984,11,359,,Sold,,,http://www.redfin.com/WA/Bothell/23304-20th-Ave-SE-98021/home/2803624,NWMLS,1385905,N,Y,47.7866503,-122.2063459
PAST SALE,January-23-2019,Single Family Residential,4425 235th Place SE #203,Bothell,WA,98021,849950,4,2.5,Canyon Park,2501,6583,2018,2,340,71,Sold,,,http://www.redfin.com/WA/Bothell/4425-235th-Pl-SE-98021/unit-203/home/146178222,NWMLS,1323983,N,Y,47.7853791,-122.2029648
PAST SALE,December-10-2018,Townhouse,16125 Juanita Woodinville Wy NE #1518,Bothell,WA,98011,357000,2,2.5,Bothell,1174,479497,1999,46,304,327,Sold,,,http://www.redfin.com/WA/Bothell/16125-Juanita-Woodinville-Way-NE-98011/unit-1518/home/40346,NWMLS,1383236,N,Y,47.7461684,-122.1851573
PAST SALE,December-31-2018,Townhouse,15917 Waynita Wy NE Unit E 201,Bothell,WA,98011,325000,2,2.25,Bothell,1029,,1988,25,316,354,Sold,,,http://www.redfin.com/WA/Bothell/15917-Waynita-Way-NE-98011/unit-E201/home/64499,NWMLS,1359902,N,Y,47.7425774,-122.2127836
PAST SALE,October-11-2018,Single Family Residential,16529 38th Ave SE,Bothell,WA,98012,845000,5,2.75,Bothell,3308,6970,2005,106,255,54,Sold,,,http://www.redfin.com/WA/Bothell/16529-38th-Ave-SE-98012/home/2915190,NWMLS,1333582,N,Y,47.8472648,-122.1809428
PAST SALE,October-3-2018,Single Family Residential,5430 W Interurban Blvd,Bothell,WA,98012,395000,3,,Mill Creek,1794,23958,1935,114,220,,Sold,,,http://www.redfin.com/WA/Bothell/5430-W-Interurban-Blvd-98012/home/2501085,NWMLS,1343339,N,Y,47.8420845,-122.1587525
PAST SALE,December-14-2018,Vacant Land,4307 169th St SE,Bothell,WA,98012,1400000,0,,Bothell,,326700,,42,,,Sold,,,http://www.redfin.com/WA/Bothell/4307-169th-St-SE-98012/home/2494845,NWMLS,1335218,N,Y,47.8452094,-122.1742992
PAST SALE,November-30-2018,Single Family Residential,4327 235th Place SE #211,Bothell,WA,98021,759950,4,2.5,Bothell,2190,3402,2018,56,347,71,Sold,,,http://www.redfin.com/WA/Bothell/4327-235th-Pl-SE-98021/unit-211/home/146100250,NWMLS,1317180,N,Y,47.7853791,-122.2029648
PAST SALE,December-28-2018,Single Family Residential,17114 39th Dr SE,Bothell,WA,98012,992950,5,4.5,North Creek,3896,5438,2018,28,255,,Sold,,,http://www.redfin.com/WA/Bothell/17114-39th-Dr-SE-98012/home/147429301,NWMLS,1371744,N,Y,47.8423601,-122.1797203
PAST SALE,January-7-2019,Single Family Residential,4007 167th St SE,Bothell,WA,98012,725000,4,2.75,Mill Creek,2716,6098,2006,18,267,,Sold,,,http://www.redfin.com/WA/Bothell/4007-167th-St-SE-98012/home/11880347,NWMLS,1386672,N,Y,47.8464223,-122.1786586
PAST SALE,January-18-2019,Single Family Residential,4210 157th Place SE,Bothell,WA,98012,525000,3,1.75,Mill Creek,1464,7176,2013,7,359,33,Sold,,,http://www.redfin.com/WA/Bothell/4210-157th-Pl-SE-98012/home/28558493,NWMLS,1391584,N,Y,47.8547107,-122.1755491
PAST SALE,October-19-2018,Single Family Residential,15308 Sunset Rd,Bothell,WA,98012,575000,4,2.75,Silver Firs,2254,6534,2005,98,255,25,Sold,,,http://www.redfin.com/WA/Bothell/15308-Sunset-Rd-98012/home/11881854,NWMLS,1363748,N,Y,47.858922,-122.171131
PAST SALE,January-15-2019,Single Family Residential,20008 94th Dr NE #20,Bothell,WA,98011,690000,4,3.25,Canyon Park,2778,275040,2014,10,248,54,Sold,,,http://www.redfin.com/WA/Bothell/20008-94th-Dr-NE-98011/unit-20/home/147047967,NWMLS,1347319,N,Y,47.7732359,-122.2146342
PAST SALE,November-20-2018,Single Family Residential,21803 34th Dr SE #18,Bothell,WA,98021,1249900,3,3.25,Canyon Park,3777,10998,2018,66,331,91,Sold,,,http://www.redfin.com/WA/Bothell/21803-34th-Dr-SE-98021/unit-18/home/146123027,NWMLS,1319852,N,Y,47.7998288,-122.187096
PAST SALE,October-30-2018,Condo/Co-op,9611 NE 182nd Place Unit 26D,Bothell,WA,98011,926630,4,3.25,Downtown Bothell,2097,,2018,87,442,137,Sold,,,http://www.redfin.com/WA/Bothell/9611-NE-182nd-Pl-98011/unit-26D/home/144977961,NWMLS,1251929,N,Y,47.7600826,-122.1678955
